{"v":"5.12.1","fr":60,"ip":60,"op":331,"w":512,"h":512,"nm":"03_scary","ddd":0,"assets":[{"id":"comp_0","nm":"Char 2 Comp 1","fr":60,"layers":[{"ddd":0,"ind":1,"ty":0,"nm":"Char 2","refId":"comp_1","sr":1,"ks":{"o":{"a":0,"k":100,"ix":11},"r":{"a":0,"k":0,"ix":10},"p":{"a":1,"k":[{"i":{"x":0.078,"y":1},"o":{"x":0.688,"y":0},"t":60,"s":[194.56,192.95,0],"to":[0,0,0],"ti":[0,0,0]},{"i":{"x":0.11,"y":0.11},"o":{"x":0.333,"y":0.333},"t":120,"s":[239.56,162.95,0],"to":[0,0,0],"ti":[0,0,0]},{"i":{"x":0.11,"y":1},"o":{"x":0.89,"y":0},"t":274,"s":[239.56,162.95,0],"to":[0,0,0],"ti":[0,0,0]},{"t":320,"s":[194.56,192.95,0]}],"ix":2,"l":2},"a":{"a":0,"k":[787.5,855,0],"ix":1,"l":2},"s":{"a":0,"k":[37.042,37.042,100],"ix":6,"l":2}},"ao":0,"w":1575,"h":1710,"ip":0,"op":1800,"st":0,"bm":0}]},{"id":"comp_1","nm":"Char 2","fr":60,"layers":[{"ddd":0,"ind":1,"ty":3,"nm":"zoom","sr":1,"ks":{"o":{"a":0,"k":0,"ix":11},"r":{"a":0,"k":0,"ix":10},"p":{"a":1,"k":[{"i":{"x":0.078,"y":1},"o":{"x":0.688,"y":0},"t":60,"s":[799.5,1043,0],"to":[0,0,0],"ti":[0,0,0]},{"i":{"x":0.11,"y":0.11},"o":{"x":0.333,"y":0.333},"t":120,"s":[647.5,1351,0],"to":[0,0,0],"ti":[0,0,0]},{"i":{"x":0.11,"y":1},"o":{"x":0.89,"y":0},"t":274,"s":[647.5,1351,0],"to":[0,0,0],"ti":[0,0,0]},{"t":320,"s":[799.5,1043,0]}],"ix":2,"l":2},"a":{"a":0,"k":[50,50,0],"ix":1,"l":2},"s":{"a":1,"k":[{"i":{"x":[0.078,0.078,0.078],"y":[1,1,1]},"o":{"x":[0.688,0.688,0.688],"y":[0,0,0]},"t":60,"s":[100,100,100]},{"i":{"x":[0.11,0.11,0.11],"y":[1,1,1]},"o":{"x":[0.333,0.333,0.333],"y":[0,0,0]},"t":120,"s":[131,131,100]},{"i":{"x":[0.11,0.11,0.11],"y":[1,1,1]},"o":{"x":[0.89,0.89,0.89],"y":[0,0,0]},"t":274,"s":[131,131,100]},{"t":320,"s":[100,100,100]}],"ix":6,"l":2}},"ao":0,"ip":0,"op":1800,"st":0,"bm":0},{"ddd":0,"ind":2,"ty":3,"nm":"all","parent":1,"sr":1,"ks":{"o":{"a":0,"k":0,"ix":11},"r":{"a":0,"k":0,"ix":10},"p":{"a":0,"k":[-82,318,0],"ix":2,"l":2},"a":{"a":0,"k":[50,-226,0],"ix":1,"l":2},"s":{"a":1,"k":[{"i":{"x":[0.833,0.833,0.833],"y":[1,1,1]},"o":{"x":[0.167,0.167,0.167],"y":[0,0,0]},"t":175,"s":[100,100,100]},{"i":{"x":[0.833,0.833,0.833],"y":[1,1,1]},"o":{"x":[0.167,0.167,0.167],"y":[0,0,0]},"t":185,"s":[101,99,100]},{"i":{"x":[0.833,0.833,0.833],"y":[1,1,1]},"o":{"x":[0.167,0.167,0.167],"y":[0,0,0]},"t":196,"s":[99,101,100]},{"i":{"x":[0.833,0.833,0.833],"y":[1,1,1]},"o":{"x":[0.167,0.167,0.167],"y":[0,0,0]},"t":208,"s":[100,100,100]},{"i":{"x":[0.833,0.833,0.833],"y":[1,1,1]},"o":{"x":[0.167,0.167,0.167],"y":[0,0,0]},"t":226,"s":[100,100,100]},{"i":{"x":[0.833,0.833,0.833],"y":[1,1,1]},"o":{"x":[0.167,0.167,0.167],"y":[0,0,0]},"t":236,"s":[101,99,100]},{"i":{"x":[0.833,0.833,0.833],"y":[1,1,1]},"o":{"x":[0.167,0.167,0.167],"y":[0,0,0]},"t":247,"s":[99,101,100]},{"t":259,"s":[100,100,100]}],"ix":6,"l":2}},"ao":0,"ip":0,"op":1800,"st":0,"bm":0},{"ddd":0,"ind":3,"ty":3,"nm":"head","parent":7,"sr":1,"ks":{"o":{"a":0,"k":0,"ix":11},"r":{"a":1,"k":[{"i":{"x":[0.667],"y":[1]},"o":{"x":[0.18],"y":[0]},"t":60,"s":[5]},{"i":{"x":[0.15],"y":[1]},"o":{"x":[0.18],"y":[0]},"t":180,"s":[-3]},{"i":{"x":[0.15],"y":[1]},"o":{"x":[0.18],"y":[0]},"t":226,"s":[2.939]},{"i":{"x":[0.667],"y":[1]},"o":{"x":[0.333],"y":[0]},"t":266,"s":[0.728]},{"t":331,"s":[5]}],"ix":10},"p":{"a":1,"k":[{"i":{"x":0.667,"y":1},"o":{"x":0.333,"y":0},"t":60,"s":[-172.862,-296.514,0],"to":[0,0,0],"ti":[0,0,0]},{"i":{"x":0.667,"y":0.667},"o":{"x":0.333,"y":0.333},"t":120,"s":[-136.862,-316.514,0],"to":[0,0,0],"ti":[0,0,0]},{"i":{"x":0.667,"y":1},"o":{"x":0.333,"y":0},"t":266,"s":[-136.862,-316.514,0],"to":[0,0,0],"ti":[0,0,0]},{"t":331,"s":[-172.862,-296.514,0]}],"ix":2,"l":2},"a":{"a":0,"k":[50,50,0],"ix":1,"l":2},"s":{"a":0,"k":[100,100,100],"ix":6,"l":2}},"ao":0,"ip":0,"op":1800,"st":0,"bm":0},{"ddd":0,"ind":4,"ty":4,"nm":"Body shadow 2","parent":5,"sr":1,"ks":{"o":{"a":1,"k":[{"i":{"x":[0.667],"y":[1]},"o":{"x":[0.333],"y":[0]},"t":83,"s":[0]},{"i":{"x":[0.667],"y":[1]},"o":{"x":[0.333],"y":[0]},"t":97,"s":[100]},{"i":{"x":[0.667],"y":[1]},"o":{"x":[0.333],"y":[0]},"t":286,"s":[100]},{"t":300,"s":[0]}],"ix":11},"r":{"a":0,"k":0,"ix":10},"p":{"a":1,"k":[{"i":{"x":-0.024,"y":1},"o":{"x":0.358,"y":0.258},"t":83,"s":[1392.191,761.19,0],"to":[0,0,0],"ti":[0,0,0]},{"i":{"x":0.833,"y":0.833},"o":{"x":0.333,"y":0.333},"t":150,"s":[1839.365,761.19,0],"to":[0,0,0],"ti":[0,0,0]},{"i":{"x":0.667,"y":0.667},"o":{"x":0.167,"y":0.167},"t":254,"s":[1839.365,761.19,0],"to":[0,0,0],"ti":[0,0,0]},{"i":{"x":0.667,"y":0.8},"o":{"x":0.333,"y":0},"t":276,"s":[1839.365,761.19,0],"to":[0,0,0],"ti":[0,0,0]},{"t":297,"s":[1270.889,761.19,0]}],"ix":2,"l":2},"a":{"a":0,"k":[0,0,0],"ix":1,"l":2},"s":{"a":0,"k":[100,100,100],"ix":6,"l":2}},"ao":0,"shapes":[{"ty":"gr","it":[{"ind":0,"ty":"sh","ix":1,"ks":{"a":1,"k":[{"i":{"x":0.833,"y":0.833},"o":{"x":0.167,"y":0.167},"t":83,"s":[{"i":[[-29.787,-39.299],[0.023,6.472],[-93.187,32.234],[59.633,-139.104]],"o":[[-1.398,5.107],[-0.784,-124.74],[-25.954,16.068],[-79.512,178.232]],"v":[[199.288,238.051],[188.985,228.787],[369.927,-185.368],[250.37,-47.296]],"c":true}]},{"i":{"x":0.833,"y":0.833},"o":{"x":0.167,"y":0.167},"t":88,"s":[{"i":[[-20.892,-38.849],[0.074,6.471],[-89.767,46.238],[38.416,-130.671]],"o":[[-1.398,5.107],[-5.822,-141.918],[21.347,20.18],[-52.44,162.917]],"v":[[210.714,236.831],[156.688,231.421],[317.767,-187.023],[249.719,-44.438]],"c":true}]},{"i":{"x":0.833,"y":0.833},"o":{"x":0.167,"y":0.167},"t":91,"s":[{"i":[[-15.554,-38.579],[0.105,6.47],[-87.714,54.641],[25.686,-125.611]],"o":[[-1.398,5.107],[-8.845,-152.224],[49.728,22.647],[-36.197,153.728]],"v":[[217.57,236.099],[121.356,233.001],[286.471,-188.016],[249.329,-42.723]],"c":true}]},{"i":{"x":0.833,"y":0.833},"o":{"x":0.167,"y":0.167},"t":94,"s":[{"i":[[-10.217,-38.308],[0.136,6.47],[-96.419,51.095],[12.956,-120.551]],"o":[[-1.398,5.107],[-7.282,-164.917],[78.109,25.115],[-19.953,144.539]],"v":[[224.425,235.367],[67.992,230.857],[238.672,-191.542],[248.938,-41.008]],"c":true}]},{"i":{"x":0.833,"y":0.833},"o":{"x":0.167,"y":0.167},"t":97,"s":[{"i":[[-4.88,-38.038],[0.167,6.469],[-105.124,47.55],[0.226,-115.491]],"o":[[-1.398,5.107],[-5.72,-177.611],[106.489,27.582],[-3.71,135.35]],"v":[[231.281,234.635],[-13.605,232.676],[174.739,-210.919],[248.547,-39.294]],"c":true}]},{"i":{"x":0.833,"y":0.833},"o":{"x":0.167,"y":0.167},"t":100,"s":[{"i":[[-2.18,-37.902],[0.183,6.469],[-114.929,50.891],[-6.213,-112.932]],"o":[[-1.399,5.107],[-10.462,-206.522],[106.489,27.582],[-2.424,130.84]],"v":[[230.704,234.787],[-86.002,232.946],[128.185,-218.189],[249.981,-39.589]],"c":true}]},{"i":{"x":0.833,"y":0.833},"o":{"x":0.167,"y":0.167},"t":102,"s":[{"i":[[-0.381,-37.81],[0.193,6.468],[-121.465,53.118],[-10.505,-111.226]],"o":[[-1.399,5.107],[-6.611,-187.161],[106.489,27.582],[-1.566,127.834]],"v":[[230.32,234.889],[-113.953,233.127],[97.149,-223.036],[250.936,-39.786]],"c":true}]},{"i":{"x":0.833,"y":0.833},"o":{"x":0.167,"y":0.167},"t":106,"s":[{"i":[[2.537,-37.663],[0.21,6.468],[-126.686,53.272],[-17.466,-108.459]],"o":[[-1.399,5.107],[-7.189,-193.355],[106.489,27.582],[27.595,133.396]],"v":[[229.696,235.054],[-156.494,235.39],[74.11,-231.915],[252.486,-40.105]],"c":true}]},{"i":{"x":0.833,"y":0.833},"o":{"x":0.167,"y":0.167},"t":112,"s":[{"i":[[6.634,-37.455],[0.234,6.467],[-127.539,35.996],[-27.237,-104.575]],"o":[[-1.399,5.107],[-8.001,-202.052],[106.489,27.582],[31.265,146.716]],"v":[[228.821,235.286],[-195.051,233.204],[59.098,-231.679],[254.661,-40.553]],"c":true}]},{"i":{"x":0.078,"y":1},"o":{"x":0.167,"y":0.167},"t":120,"s":[{"i":[[12.096,-37.178],[0.265,6.467],[-109.519,40.62],[-40.266,-99.397]],"o":[[-1.399,5.107],[-9.084,-213.647],[106.489,27.582],[24.571,112.46]],"v":[[227.654,235.595],[-222.969,234.924],[39.081,-231.363],[249.561,-41.15]],"c":true}]},{"i":{"x":0.833,"y":1},"o":{"x":0.333,"y":0},"t":150,"s":[{"i":[[15.765,-36.993],[0.286,6.466],[-102.93,35.764],[-49.017,-95.919]],"o":[[-1.399,5.107],[-9.811,-221.435],[106.489,27.582],[6.126,100.862]],"v":[[226.87,235.803],[-259.554,234.745],[14.566,-239.454],[259.509,-41.552]],"c":true}]},{"i":{"x":0.667,"y":1},"o":{"x":0.167,"y":0},"t":254,"s":[{"i":[[15.765,-36.993],[0.286,6.466],[-102.93,35.764],[-49.017,-95.919]],"o":[[-1.399,5.107],[-9.811,-221.435],[106.489,27.582],[6.126,100.862]],"v":[[226.87,235.803],[-259.554,234.745],[14.566,-239.454],[259.509,-41.552]],"c":true}]},{"i":{"x":0.833,"y":0.833},"o":{"x":0.333,"y":0},"t":276,"s":[{"i":[[15.765,-36.993],[0.367,6.462],[-127.718,20.021],[-49.017,-95.919]],"o":[[-1.399,5.107],[-12.811,-225.435],[106.489,27.582],[6.126,100.862]],"v":[[226.87,235.802],[-259.554,234.745],[-2.563,-240.399],[259.509,-41.552]],"c":true}]},{"i":{"x":0.833,"y":0.833},"o":{"x":0.167,"y":0.167},"t":278,"s":[{"i":[[14.745,-36.871],[0.349,6.463],[-137.462,27.516],[-44.637,-97.659]],"o":[[-1.399,5.107],[-12.227,-222.86],[101.525,28.204],[3.239,103.21]],"v":[[230.822,235.768],[-244.449,234.49],[6.236,-239.867],[265.065,-41.104]],"c":true}]},{"i":{"x":0.833,"y":0.833},"o":{"x":0.167,"y":0.167},"t":279,"s":[{"i":[[13.973,-36.78],[0.335,6.463],[-122.827,23.322],[-41.321,-98.977]],"o":[[-1.399,5.107],[-11.784,-220.909],[97.765,28.676],[1.053,104.988]],"v":[[233.815,235.741],[-233.011,234.296],[12.899,-239.465],[269.271,-40.765]],"c":true}]},{"i":{"x":0.833,"y":0.833},"o":{"x":0.167,"y":0.167},"t":281,"s":[{"i":[[11.7,-36.51],[0.295,6.464],[-136.097,33.718],[-31.562,-102.856]],"o":[[-1.399,5.107],[-10.483,-215.17],[86.703,30.063],[12.615,151.596]],"v":[[242.622,235.664],[-193.249,233.727],[49.965,-232.938],[281.651,-39.768]],"c":true}]},{"i":{"x":0.833,"y":0.833},"o":{"x":0.167,"y":0.167},"t":283,"s":[{"i":[[9.427,-36.239],[0.254,6.464],[-110.42,31.694],[-21.803,-106.735]],"o":[[-1.398,5.107],[-9.181,-209.431],[75.641,31.45],[7.839,160.167]],"v":[[251.429,235.587],[-137.759,233.157],[87.032,-226.412],[294.03,-38.771]],"c":true}]},{"i":{"x":0.833,"y":0.833},"o":{"x":0.167,"y":0.167},"t":286,"s":[{"i":[[5.42,-35.763],[0.183,6.466],[-99.483,39.073],[-4.599,-113.573]],"o":[[-1.399,5.107],[-6.886,-199.313],[56.137,33.896],[-10.731,158.11]],"v":[[266.956,235.45],[-36.79,233.816],[174.035,-214.243],[315.855,-37.014]],"c":true}]},{"i":{"x":0.833,"y":0.833},"o":{"x":0.167,"y":0.167},"t":290,"s":[{"i":[[-0.901,-35.012],[0.071,6.468],[-86.945,65.221],[22.545,-124.362]],"o":[[-1.399,5.107],[-3.265,-183.349],[25.367,37.755],[-17.369,149.587]],"v":[[291.453,235.235],[109.148,233.249],[296.311,-196.257],[350.288,-34.241]],"c":true}]},{"i":{"x":0.833,"y":0.833},"o":{"x":0.167,"y":0.167},"t":293,"s":[{"i":[[-5.098,-34.513],[-0.004,6.469],[-80.014,65.724],[40.564,-131.524]],"o":[[-1.398,5.107],[5.189,-171.973],[4.941,40.316],[-52.931,148.893]],"v":[[307.715,235.092],[211.464,232.872],[383.386,-177.214],[373.146,-32.4]],"c":true}]},{"i":{"x":0.833,"y":0.833},"o":{"x":0.167,"y":0.167},"t":296,"s":[{"i":[[-8.759,-34.078],[13.556,3.887],[-73.967,66.163],[56.284,-137.773]],"o":[[-1.398,5.107],[3.949,-163.157],[-12.88,42.551],[-63.295,157.322]],"v":[[321.902,234.967],[286.208,232.543],[451.933,-160.602],[393.088,-30.794]],"c":true}]},{"t":297,"s":[{"i":[[-9.715,-33.965],[9.165,4.717],[-72.389,66.277],[60.387,-139.403]],"o":[[-1.398,5.106],[3.625,-160.857],[-17.53,43.134],[-66,159.521]],"v":[[325.605,234.935],[301.116,232.458],[469.247,-162.152],[398.292,-30.375]],"c":true}]}],"ix":2},"nm":"Path 1","mn":"ADBE Vector Shape - Group","hd":false},{"ty":"gf","o":{"a":0,"k":100,"ix":10},"r":1,"bm":0,"g":{"p":3,"k":{"a":0,"k":[0.009,0,0,0,0.505,0,0,0,1,0,0,0,0.009,1,0.505,0.5,1,0],"ix":9}},"s":{"a":0,"k":[318.468,-295.69],"ix":5},"e":{"a":0,"k":[-78.269,222.272],"ix":6},"t":1,"nm":"Gradient Fill 1","mn":"ADBE Vector Graphic - G-Fill","hd":false},{"ty":"tr","p":{"a":0,"k":[0,0],"ix":2},"a":{"a":0,"k":[0,0],"ix":1},"s":{"a":0,"k":[100,100],"ix":3},"r":{"a":0,"k":0,"ix":6},"o":{"a":0,"k":100,"ix":7},"sk":{"a":0,"k":0,"ix":4},"sa":{"a":0,"k":0,"ix":5},"nm":"Transform"}],"nm":"Group 1","np":2,"cix":2,"bm":0,"ix":1,"mn":"ADBE Vector Group","hd":false}],"ip":83,"op":297,"st":0,"ct":1,"bm":0},{"ddd":0,"ind":5,"ty":4,"nm":"Body","parent":2,"sr":1,"ks":{"o":{"a":0,"k":100,"ix":11},"r":{"a":0,"k":0,"ix":10},"p":{"a":1,"k":[{"i":{"x":0.667,"y":1},"o":{"x":0.333,"y":0},"t":60,"s":[67.744,-232.553,0],"to":[0,0,0],"ti":[0,0,0]},{"i":{"x":0.667,"y":1},"o":{"x":0.333,"y":0},"t":77,"s":[67.744,-222.553,0],"to":[0,0,0],"ti":[0,0,0]},{"i":{"x":0.667,"y":0.667},"o":{"x":0.333,"y":0.333},"t":102,"s":[67.744,-232.553,0],"to":[0,0,0],"ti":[0,0,0]},{"i":{"x":0.667,"y":0.667},"o":{"x":0.333,"y":0.333},"t":120,"s":[67.744,-232.553,0],"to":[0,0,0],"ti":[0,0,0]},{"i":{"x":0.667,"y":0.667},"o":{"x":0.333,"y":0.333},"t":248,"s":[67.744,-232.553,0],"to":[0,0,0],"ti":[0,0,0]},{"i":{"x":0.667,"y":0.667},"o":{"x":0.333,"y":0.333},"t":266,"s":[67.744,-232.553,0],"to":[0,0,0],"ti":[0,0,0]},{"i":{"x":0.667,"y":0.667},"o":{"x":0.333,"y":0.333},"t":285,"s":[67.744,-232.553,0],"to":[0,0,0],"ti":[0,0,0]},{"t":308,"s":[67.744,-232.553,0]}],"ix":2,"l":2},"a":{"a":0,"k":[1838.244,986.947,0],"ix":1,"l":2},"s":{"a":1,"k":[{"i":{"x":[0.667,0.667,0.667],"y":[1,1,1]},"o":{"x":[0.333,0.333,0.333],"y":[0,0,0]},"t":60,"s":[100,100,100]},{"i":{"x":[0.667,0.667,0.667],"y":[1,1,1]},"o":{"x":[0.333,0.333,0.333],"y":[0,0,0]},"t":77,"s":[101.607,98.507,100]},{"i":{"x":[0.667,0.667,0.667],"y":[1,1,1]},"o":{"x":[0.333,0.333,0.333],"y":[0,0,0]},"t":102,"s":[98.398,101.711,100]},{"i":{"x":[0.833,0.833,0.833],"y":[1,1,1]},"o":{"x":[0.333,0.333,0.333],"y":[0,0,0]},"t":120,"s":[100,100,100]},{"i":{"x":[0.833,0.833,0.833],"y":[1,1,1]},"o":{"x":[0.167,0.167,0.167],"y":[0,0,0]},"t":248,"s":[100,100,100]},{"i":{"x":[0.833,0.833,0.833],"y":[1,1,1]},"o":{"x":[0.167,0.167,0.167],"y":[0,0,0]},"t":266,"s":[98.407,103.006,100]},{"i":{"x":[0.833,0.833,0.833],"y":[1,1,1]},"o":{"x":[0.167,0.167,0.167],"y":[0,0,0]},"t":285,"s":[102.389,97.853,100]},{"t":308,"s":[100,100,100]}],"ix":6,"l":2}},"ao":0,"shapes":[{"ty":"gr","it":[{"ind":0,"ty":"sh","ix":1,"ks":{"a":1,"k":[{"i":{"x":0.833,"y":0.833},"o":{"x":0.333,"y":0},"t":60,"s":[{"i":[[0,0],[78.773,-129.547]],"o":[[0,0],[0,0]],"v":[[42.152,-166.122],[-42.152,166.122]],"c":false}]},{"i":{"x":0.667,"y":1},"o":{"x":0.167,"y":0.167},"t":79,"s":[{"i":[[0,0],[70.839,-128.087]],"o":[[0,0],[0,0]],"v":[[37.98,-167.512],[1.177,166.343]],"c":false}]},{"i":{"x":0.667,"y":1},"o":{"x":0.333,"y":0},"t":99,"s":[{"i":[[0,0],[67.362,-127.447]],"o":[[0,0],[0,0]],"v":[[36.152,-168.122],[-56.362,166.185]],"c":false}]},{"i":{"x":0.833,"y":1},"o":{"x":0.333,"y":0},"t":120,"s":[{"i":[[0,0],[78.773,-129.547]],"o":[[0,0],[0,0]],"v":[[42.152,-166.122],[-42.152,166.122]],"c":false}]},{"i":{"x":0.667,"y":1},"o":{"x":0.167,"y":0},"t":254,"s":[{"i":[[0,0],[78.773,-129.547]],"o":[[0,0],[0,0]],"v":[[42.152,-166.122],[-42.152,166.122]],"c":false}]},{"i":{"x":0.667,"y":1},"o":{"x":0.333,"y":0},"t":276,"s":[{"i":[[0,0],[67.362,-127.447]],"o":[[0,0],[0,0]],"v":[[36.152,-168.122],[-56.361,166.185]],"c":false}]},{"t":300,"s":[{"i":[[0,0],[78.773,-129.547]],"o":[[0,0],[0,0]],"v":[[42.152,-166.122],[-42.152,166.122]],"c":false}]}],"ix":2},"nm":"Path 1","mn":"ADBE Vector Shape - Group","hd":false},{"ty":"st","c":{"a":0,"k":[0.145098045468,0.505882382393,0.156862750649,1],"ix":3},"o":{"a":0,"k":100,"ix":4},"w":{"a":0,"k":23.411,"ix":5},"lc":2,"lj":2,"bm":0,"nm":"Stroke 1","mn":"ADBE Vector Graphic - Stroke","hd":false},{"ty":"tr","p":{"a":0,"k":[1921.79,820.825],"ix":2},"a":{"a":0,"k":[0,0],"ix":1},"s":{"a":0,"k":[100,100],"ix":3},"r":{"a":0,"k":0,"ix":6},"o":{"a":0,"k":100,"ix":7},"sk":{"a":0,"k":0,"ix":4},"sa":{"a":0,"k":0,"ix":5},"nm":"Transform"}],"nm":"Group 1","np":2,"cix":2,"bm":0,"ix":1,"mn":"ADBE Vector Group","hd":false},{"ty":"gr","it":[{"ind":0,"ty":"sh","ix":1,"ks":{"a":1,"k":[{"i":{"x":0.833,"y":0.833},"o":{"x":0.333,"y":0},"t":60,"s":[{"i":[[184.107,16.335],[0,-171.385],[0,0]],"o":[[-206.758,-18.347],[0,0],[34.818,-128.538]],"v":[[108.969,-232.117],[-249.934,232.892],[221.462,232.892]],"c":true}]},{"i":{"x":0.667,"y":1},"o":{"x":0.167,"y":0.167},"t":79,"s":[{"i":[[179.559,26.227],[-4.541,-188.809],[0,0]],"o":[[-230.518,-34.423],[0,0],[34.3,-115.265]],"v":[[108.969,-232.117],[-249.934,232.892],[264.791,233.114]],"c":true}]},{"i":{"x":0.667,"y":1},"o":{"x":0.333,"y":0},"t":99,"s":[{"i":[[177.566,30.563],[-6.531,-196.447],[0,0]],"o":[[-240.932,-41.469],[0,0],[34.073,-109.447]],"v":[[108.969,-232.117],[-249.934,232.892],[218.417,232.913]],"c":true}]},{"i":{"x":0.833,"y":1},"o":{"x":0.333,"y":0},"t":120,"s":[{"i":[[184.107,16.335],[0,-171.385],[0,0]],"o":[[-206.758,-18.347],[0,0],[34.818,-128.538]],"v":[[108.969,-232.117],[-249.934,232.892],[221.462,232.892]],"c":true}]},{"i":{"x":0.667,"y":1},"o":{"x":0.167,"y":0},"t":254,"s":[{"i":[[184.107,16.335],[0,-171.385],[0,0]],"o":[[-206.758,-18.347],[0,0],[34.818,-128.538]],"v":[[108.969,-232.117],[-249.934,232.892],[221.462,232.892]],"c":true}]},{"i":{"x":0.667,"y":1},"o":{"x":0.333,"y":0},"t":276,"s":[{"i":[[177.566,30.563],[-6.531,-196.447],[0,0]],"o":[[-240.932,-41.469],[0,0],[34.073,-109.447]],"v":[[108.969,-232.117],[-249.934,232.892],[218.417,232.913]],"c":true}]},{"t":300,"s":[{"i":[[184.107,16.335],[0,-171.385],[0,0]],"o":[[-206.758,-18.347],[0,0],[34.818,-128.538]],"v":[[108.969,-232.117],[-249.934,232.892],[221.462,232.892]],"c":true}]}],"ix":2},"nm":"Path 1","mn":"ADBE Vector Shape - Group","hd":false},{"ty":"st","c":{"a":0,"k":[0.145098045468,0.505882382393,0.156862750649,1],"ix":3},"o":{"a":0,"k":100,"ix":4},"w":{"a":0,"k":23.411,"ix":5},"lc":1,"lj":2,"bm":0,"nm":"Stroke 1","mn":"ADBE Vector Graphic - Stroke","hd":false},{"ty":"gf","o":{"a":0,"k":100,"ix":10},"r":1,"bm":0,"g":{"p":3,"k":{"a":0,"k":[0,0.333,0.8,0.322,0.5,0.208,0.694,0.32,1,0.082,0.588,0.318],"ix":9}},"s":{"a":0,"k":[98.368,378.555],"ix":5},"e":{"a":0,"k":[38.715,-26.728],"ix":6},"t":1,"nm":"Gradient Fill 1","mn":"ADBE Vector Graphic - G-Fill","hd":false},{"ty":"tr","p":{"a":0,"k":[1839.465,754.055],"ix":2},"a":{"a":0,"k":[0,0],"ix":1},"s":{"a":0,"k":[100,100],"ix":3},"r":{"a":0,"k":0,"ix":6},"o":{"a":0,"k":100,"ix":7},"sk":{"a":0,"k":0,"ix":4},"sa":{"a":0,"k":0,"ix":5},"nm":"Transform"}],"nm":"Group 2","np":3,"cix":2,"bm":0,"ix":2,"mn":"ADBE Vector Group","hd":false}],"ip":0,"op":1800,"st":0,"ct":1,"bm":0},{"ddd":0,"ind":6,"ty":0,"nm":"Eyes Comp 1","parent":9,"refId":"comp_2","sr":1,"ks":{"o":{"a":0,"k":100,"ix":11},"r":{"a":0,"k":-5.81,"ix":10},"p":{"a":0,"k":[-223.988,47.323,0],"ix":2,"l":2},"a":{"a":0,"k":[787.5,855,0],"ix":1,"l":2},"s":{"a":0,"k":[100,100,100],"ix":6,"l":2}},"ao":0,"hasMask":true,"masksProperties":[{"inv":false,"mode":"a","pt":{"a":1,"k":[{"i":{"x":0.667,"y":1},"o":{"x":0.333,"y":0},"t":58,"s":[{"i":[[171.581,0],[0,-225.303],[-225.303,0],[-67.205,133.026],[0,66.082],[18.871,46.974]],"o":[[-225.303,0],[0,225.303],[159.221,0],[27.892,-55.21],[0,-53.722],[-60.271,-150.027]],"v":[[1010.413,421.321],[602.466,829.268],[1010.413,1237.215],[1374.756,1012.972],[1418.36,829.268],[1389.105,677.276]],"c":true}]},{"i":{"x":0.833,"y":0.833},"o":{"x":0.333,"y":0},"t":83,"s":[{"i":[[171.7,17.721],[23.13,-224.112],[-224.113,-23.13],[-80.204,126.709],[-6.69,64.822],[32.129,35.74]],"o":[[-224.112,-23.13],[-23.13,224.112],[159.29,16.44],[67.078,-27.462],[5.409,-52.413],[-43.72,-156.776]],"v":[[1051.677,421.738],[604.004,785.649],[967.915,1233.321],[1354.736,1045.499],[1451.08,881.093],[1402.884,718.023]],"c":true}]},{"i":{"x":0.833,"y":0.833},"o":{"x":0.167,"y":0.167},"t":87,"s":[{"i":[[171.695,17.044],[22.246,-224.158],[-224.158,-22.246],[-79.708,126.95],[-6.434,64.87],[31.623,36.169]],"o":[[-224.158,-22.246],[-22.246,224.158],[159.288,15.812],[67.793,-28.74],[5.203,-52.463],[-44.353,-156.518]],"v":[[1050.131,421.702],[603.977,787.296],[969.571,1233.45],[1355.477,1045.297],[1450.781,881.118],[1402.389,716.446]],"c":true}]},{"i":{"x":0.833,"y":0.833},"o":{"x":0.167,"y":0.167},"t":94,"s":[{"i":[[171.679,14.579],[19.029,-224.323],[-224.324,-19.029],[-77.899,127.829],[-5.504,65.046],[29.778,37.732]],"o":[[-224.324,-19.029],[-19.029,224.323],[159.278,13.525],[70.394,-33.394],[4.45,-52.645],[-46.655,-155.579]],"v":[[1044.506,421.571],[603.878,793.29],[975.597,1233.918],[1358.173,1044.563],[1445.425,871.81],[1400.587,710.705]],"c":true}]},{"i":{"x":0.667,"y":1},"o":{"x":0.167,"y":0.167},"t":112,"s":[{"i":[[171.606,3.681],[4.804,-225.056],[-225.056,-4.804],[-69.905,131.714],[-1.39,65.82],[21.625,44.64]],"o":[[-225.056,-4.804],[-4.804,225.056],[159.236,3.415],[38.623,-49.702],[1.124,-53.45],[-56.833,-151.429]],"v":[[1019.639,420.99],[603.44,819.79],[1002.241,1235.989],[1372.769,1025.701],[1425.811,839.615],[1392.622,685.322]],"c":true}]},{"i":{"x":0.667,"y":1},"o":{"x":0.333,"y":0},"t":124,"s":[{"i":[[171.581,0],[0,-225.303],[-225.303,0],[-67.205,133.027],[0,66.082],[18.871,46.974]],"o":[[-225.303,0],[0,225.303],[159.221,0],[27.892,-55.21],[0,-53.722],[-60.271,-150.027]],"v":[[1011.24,420.794],[603.293,828.741],[1011.24,1236.688],[1375.582,1012.445],[1419.187,828.741],[1389.932,676.749]],"c":true}]},{"i":{"x":0.667,"y":1},"o":{"x":0.333,"y":0},"t":269,"s":[{"i":[[171.581,0],[0,-225.303],[-225.303,0],[-67.205,133.027],[0,66.082],[18.871,46.974]],"o":[[-225.303,0],[0,225.303],[159.221,0],[27.892,-55.21],[0,-53.722],[-60.271,-150.027]],"v":[[1011.24,420.794],[603.293,828.741],[1011.24,1236.688],[1375.582,1012.445],[1419.187,828.741],[1389.932,676.749]],"c":true}]},{"i":{"x":0.833,"y":0.833},"o":{"x":0.333,"y":0},"t":284,"s":[{"i":[[172.1,13.278],[17.332,-224.635],[-224.635,-17.332],[-76.903,128.739],[-5.013,64.974],[30.775,37.174]],"o":[[-224.635,-17.332],[-17.332,224.635],[159.662,12.319],[51.778,-24.071],[4.053,-52.535],[-47.757,-155.594]],"v":[[1040.545,422.977],[602.425,798.333],[977.782,1236.453],[1354.279,1062.943],[1449.736,884.799],[1398.943,708.049]],"c":true}]},{"i":{"x":0.833,"y":0.833},"o":{"x":0.167,"y":0.167},"t":288,"s":[{"i":[[171.944,10.421],[13.611,-224.798],[-224.798,-13.615],[-74.848,129.597],[-3.939,65.271],[27.317,39.943]],"o":[[-224.798,-13.611],[-13.611,224.798],[159.528,9.671],[52.179,-35.313],[3.187,-52.855],[-50.494,-154.331]],"v":[[1036.668,423.327],[604.989,805.715],[987.377,1237.394],[1360.304,1057.074],[1447.644,875.828],[1399.424,702.128]],"c":true}]},{"i":{"x":0.833,"y":0.833},"o":{"x":0.167,"y":0.167},"t":290,"s":[{"i":[[171.825,8.257],[10.794,-224.922],[-224.922,-10.801],[-73.292,130.246],[-3.126,65.496],[24.698,42.041]],"o":[[-224.922,-10.794],[-10.794,224.922],[159.426,7.666],[52.482,-43.826],[2.531,-53.097],[-52.567,-153.375]],"v":[[1033.731,423.592],[606.93,811.305],[994.643,1238.106],[1364.242,1049.034],[1442.708,867.03],[1399.788,697.644]],"c":true}]},{"i":{"x":0.667,"y":1},"o":{"x":0.167,"y":0.167},"t":293,"s":[{"i":[[171.617,4.454],[5.843,-225.139],[-225.139,-5.856],[-70.556,131.387],[-1.697,65.891],[20.096,45.727]],"o":[[-225.139,-5.843],[-5.843,225.139],[159.248,4.142],[32.322,-49.9],[1.379,-53.523],[-56.209,-151.694]],"v":[[1028.571,424.058],[610.341,821.128],[1007.412,1239.358],[1376.695,1027.541],[1430.876,846.064],[1400.429,689.765]],"c":true}]},{"t":296,"s":[{"i":[[171.581,0],[0,-225.303],[-225.303,0],[-67.205,133.026],[0,66.082],[18.871,46.974]],"o":[[-225.303,0],[0,225.303],[159.221,0],[27.892,-55.21],[0,-53.722],[-60.271,-150.027]],"v":[[1013.413,421.321],[605.466,829.268],[1013.413,1237.215],[1377.756,1012.972],[1421.36,829.268],[1392.105,677.276]],"c":true}]}],"ix":1},"o":{"a":0,"k":100,"ix":3},"x":{"a":0,"k":0,"ix":4},"nm":"Mask 1"}],"w":1575,"h":1710,"ip":0,"op":1800,"st":0,"bm":0},{"ddd":0,"ind":7,"ty":3,"nm":"Null 9","parent":2,"sr":1,"ks":{"o":{"a":0,"k":0,"ix":11},"r":{"a":1,"k":[{"i":{"x":[0.2],"y":[1]},"o":{"x":[0.11],"y":[0]},"t":251,"s":[0]},{"i":{"x":[0.667],"y":[1]},"o":{"x":[0.167],"y":[0]},"t":275,"s":[-3]},{"i":{"x":[0.667],"y":[1]},"o":{"x":[0.333],"y":[0]},"t":294,"s":[0.789]},{"t":315,"s":[0]}],"ix":10},"p":{"a":1,"k":[{"i":{"x":0.373,"y":1},"o":{"x":0.333,"y":0},"t":60,"s":[370.862,-301.486,0],"to":[0,0,0],"ti":[0,0,0]},{"i":{"x":0.11,"y":1},"o":{"x":0.333,"y":0},"t":78,"s":[417.862,-301.486,0],"to":[0,0,0],"ti":[0,0,0]},{"i":{"x":0.667,"y":0.667},"o":{"x":0.167,"y":0.167},"t":131,"s":[352.862,-301.486,0],"to":[0,0,0],"ti":[0,0,0]},{"i":{"x":0.2,"y":1},"o":{"x":0.11,"y":0},"t":247,"s":[352.862,-301.486,0],"to":[0,0,0],"ti":[0,0,0]},{"i":{"x":0.667,"y":1},"o":{"x":0.333,"y":0},"t":271,"s":[352.862,-321.486,0],"to":[0,0,0],"ti":[0,0,0]},{"i":{"x":0.667,"y":1},"o":{"x":0.333,"y":0},"t":290,"s":[352.862,-293.486,0],"to":[0,0,0],"ti":[0,0,0]},{"t":311,"s":[370.862,-301.486,0]}],"ix":2,"l":2},"a":{"a":0,"k":[0,0,0],"ix":1,"l":2},"s":{"a":0,"k":[100,100,100],"ix":6,"l":2}},"ao":0,"ip":0,"op":1800,"st":0,"bm":0},{"ddd":0,"ind":8,"ty":4,"nm":"Head shadow","parent":9,"sr":1,"ks":{"o":{"a":1,"k":[{"i":{"x":[0.667],"y":[1]},"o":{"x":[0.333],"y":[0]},"t":96,"s":[0]},{"i":{"x":[0.667],"y":[1]},"o":{"x":[0.311],"y":[0]},"t":118,"s":[100]},{"i":{"x":[0.667],"y":[1]},"o":{"x":[0.333],"y":[0]},"t":278,"s":[100]},{"t":287,"s":[0]}],"ix":11},"r":{"a":0,"k":1.916,"ix":10},"p":{"a":1,"k":[{"i":{"x":0.166,"y":1},"o":{"x":0.084,"y":0.478},"t":96,"s":[-510.653,13.869,0],"to":[0,0,0],"ti":[0,0,0]},{"i":{"x":0.166,"y":0.166},"o":{"x":0.28,"y":0.28},"t":150,"s":[-34.207,29.804,0],"to":[0,0,0],"ti":[0,0,0]},{"i":{"x":0.64,"y":0.533},"o":{"x":0.288,"y":0},"t":271,"s":[-34.207,29.804,0],"to":[0,0,0],"ti":[0,0,0]},{"t":287,"s":[-543.621,12.766,0]}],"ix":2,"l":2},"a":{"a":0,"k":[0,0,0],"ix":1,"l":2},"s":{"a":0,"k":[100,100,100],"ix":6,"l":2}},"ao":0,"shapes":[{"ty":"gr","it":[{"ind":0,"ty":"sh","ix":1,"ks":{"a":1,"k":[{"i":{"x":0.833,"y":0.833},"o":{"x":0.167,"y":0.167},"t":96,"s":[{"i":[[-40.957,-332.296],[25.86,-97.978],[37.541,76.079],[15.367,142.57],[-9.27,0]],"o":[[20.257,164.352],[-59.852,90.522],[-24.305,-49.256],[-21.576,-200.175],[252.53,0]],"v":[[210.621,52.51],[341.841,385.52],[233.584,307.466],[80.541,20.728],[221.336,-347.878]],"c":true}]},{"i":{"x":0.833,"y":0.833},"o":{"x":0.167,"y":0.167},"t":97,"s":[{"i":[[-38.17,-330.741],[26.574,-96.72],[34.968,54.036],[15.472,145.96],[-32.521,9.748]],"o":[[18.838,163.922],[-65.09,58.341],[-27.638,-47.896],[-27.322,-213.914],[253.346,-3.111]],"v":[[217.876,51.918],[339.274,389.512],[217.03,312.05],[38.009,24.907],[184.317,-353.297]],"c":true}]},{"i":{"x":0.833,"y":0.833},"o":{"x":0.167,"y":0.167},"t":99,"s":[{"i":[[-32.596,-327.632],[28.002,-94.203],[29.822,9.95],[15.682,152.741],[-86.292,42.709]],"o":[[16.001,163.062],[-75.566,-6.022],[-34.305,-45.176],[-22.43,-197.079],[254.979,-9.334]],"v":[[232.387,50.733],[334.138,397.495],[183.923,321.22],[-49.509,31.9],[110.279,-364.135]],"c":true}]},{"i":{"x":0.833,"y":0.833},"o":{"x":0.167,"y":0.167},"t":100,"s":[{"i":[[-29.809,-326.077],[28.716,-92.944],[38.317,14.582],[15.787,156.132],[-84.548,40.621]],"o":[[14.583,162.633],[-76.057,-2.327],[-37.638,-43.817],[-25.678,-192.074],[255.795,-12.445]],"v":[[239.642,50.141],[332.008,395.275],[167.369,325.805],[-84.477,33.506],[86.004,-375.248]],"c":true}]},{"i":{"x":0.833,"y":0.833},"o":{"x":0.167,"y":0.167},"t":101,"s":[{"i":[[-27.022,-324.523],[29.43,-91.685],[46.813,19.213],[15.892,159.522],[-95.097,42.177]],"o":[[13.164,162.203],[-76.548,1.369],[-40.971,-42.457],[-30.171,-194.305],[133.153,-82.369]],"v":[[246.897,49.549],[329.878,393.055],[150.816,330.39],[-115.379,27.424],[74.256,-386.479]],"c":true}]},{"i":{"x":0.833,"y":0.833},"o":{"x":0.167,"y":0.167},"t":102,"s":[{"i":[[-24.235,-322.968],[30.144,-90.427],[55.308,23.845],[15.997,162.913],[-115.702,61.211]],"o":[[11.746,161.773],[-77.039,5.064],[-44.304,-41.097],[-23.285,-193.982],[137.303,-81.54]],"v":[[254.153,48.956],[327.748,390.835],[134.262,334.975],[-139.395,27.452],[57.578,-393.777]],"c":true}]},{"i":{"x":0.833,"y":0.833},"o":{"x":0.167,"y":0.167},"t":103,"s":[{"i":[[-21.448,-321.413],[30.858,-89.168],[63.804,28.478],[16.102,166.303],[-124.457,62.02]],"o":[[10.327,161.344],[-77.53,8.76],[-47.638,-39.737],[-23.57,-192.95],[155.655,-63.617]],"v":[[261.408,48.364],[325.617,388.614],[117.708,339.559],[-163.375,22.84],[43.511,-397.423]],"c":true}]},{"i":{"x":0.833,"y":0.833},"o":{"x":0.167,"y":0.167},"t":104,"s":[{"i":[[-18.661,-319.858],[31.572,-87.91],[72.299,33.11],[16.207,169.693],[-154.927,84.52]],"o":[[8.909,160.914],[-78.021,12.455],[-50.971,-38.377],[-23.855,-191.918],[200.791,-73.257]],"v":[[268.663,47.772],[323.487,386.395],[101.155,344.144],[-179.221,23.842],[44.263,-411.28]],"c":true}]},{"i":{"x":0.833,"y":0.833},"o":{"x":0.167,"y":0.167},"t":105,"s":[{"i":[[-15.874,-318.304],[32.286,-86.651],[80.794,37.742],[16.312,173.084],[-170.502,79.332]],"o":[[7.49,160.484],[-78.512,16.151],[-54.304,-37.018],[-24.14,-190.886],[193.46,-74.526]],"v":[[275.919,47.18],[321.357,384.174],[84.601,348.729],[-194.198,29.165],[37.121,-415.373]],"c":true}]},{"i":{"x":0.833,"y":0.833},"o":{"x":0.167,"y":0.167},"t":106,"s":[{"i":[[-13.088,-316.749],[33,-85.392],[89.29,42.374],[16.418,176.474],[-165.199,73.066]],"o":[[6.072,160.055],[-79.003,19.846],[-57.638,-35.658],[-24.425,-189.854],[205.786,-59.867]],"v":[[283.174,46.587],[319.227,381.954],[68.048,353.314],[-214.805,25.898],[23.962,-416.781]],"c":true}]},{"i":{"x":0.833,"y":0.833},"o":{"x":0.167,"y":0.167},"t":108,"s":[{"i":[[-7.514,-313.639],[34.428,-82.875],[106.281,51.638],[16.628,183.255],[-173.473,66.311]],"o":[[3.235,159.195],[-79.985,27.237],[-64.304,-32.939],[-24.995,-187.79],[252.949,-65.57]],"v":[[297.685,45.403],[314.966,377.514],[34.94,362.483],[-239.464,25.251],[10.467,-423.468]],"c":true}]},{"i":{"x":0.833,"y":0.833},"o":{"x":0.167,"y":0.167},"t":111,"s":[{"i":[[0.847,-308.975],[36.57,-79.1],[123.466,45.528],[16.943,193.427],[-155.989,59.732]],"o":[[-1.021,157.906],[-79.565,39.992],[-74.304,-28.86],[-22.223,-187.936],[243.187,-69.208]],"v":[[319.451,43.626],[308.117,363.955],[13.353,366.322],[-274.901,14.707],[-22.209,-422.771]],"c":true}]},{"i":{"x":0.833,"y":0.833},"o":{"x":0.167,"y":0.167},"t":114,"s":[{"i":[[9.208,-304.311],[38.712,-75.324],[140.651,39.418],[17.258,203.598],[-141.366,55.821]],"o":[[-5.276,156.617],[-79.144,52.748],[-84.304,-24.78],[-19.451,-188.082],[252.962,-76.938]],"v":[[341.217,41.849],[301.267,350.397],[-8.234,370.161],[-303.199,2.668],[-58.473,-418.074]],"c":true}]},{"i":{"x":0.833,"y":0.833},"o":{"x":0.167,"y":0.167},"t":120,"s":[{"i":[[18.695,-299.019],[41.142,-71.04],[160.152,32.485],[17.616,215.14],[-141.547,54.498]],"o":[[-10.105,155.154],[-80.212,59.127],[-95.651,-20.15],[-17.332,-187.329],[262.322,-77.867]],"v":[[365.915,39.833],[293.532,338.286],[-40.682,377.325],[-338.908,1.828],[-94.937,-417.32]],"c":true}]},{"i":{"x":0.833,"y":0.833},"o":{"x":0.167,"y":0.167},"t":127,"s":[{"i":[[29.764,-292.844],[43.978,-66.041],[182.902,24.396],[18.034,228.605],[-145.368,59.936]],"o":[[-15.739,153.448],[-81.457,66.569],[-108.889,-14.75],[-14.861,-186.452],[273.241,-78.95]],"v":[[394.73,37.481],[284.507,324.156],[-78.538,385.684],[-364.042,0.184],[-124.259,-416.973]],"c":true}]},{"i":{"x":0.833,"y":0.833},"o":{"x":0.167,"y":0.167},"t":135,"s":[{"i":[[33.221,-290.915],[44.863,-64.48],[190.008,21.869],[18.164,232.811],[-154.202,68.735]],"o":[[-17.499,152.915],[-82.513,65.398],[-113.024,-13.063],[-14.533,-185.781],[274.253,-82.81]],"v":[[403.73,36.746],[281.704,321.156],[-93.796,389.508],[-386.431,-0.879],[-135.891,-420.579]],"c":true}]},{"i":{"x":0.078,"y":1},"o":{"x":0.167,"y":0.167},"t":143,"s":[{"i":[[34.22,-290.358],[45.119,-64.029],[192.061,21.139],[18.202,234.026],[-151.303,61.182]],"o":[[-18.007,152.761],[-82.818,65.06],[-114.219,-12.576],[-14.438,-185.587],[274.546,-83.925]],"v":[[406.331,36.534],[280.895,320.289],[-98.205,390.613],[-392.899,-1.186],[-139.252,-421.62]],"c":true}]},{"i":{"x":0.078,"y":1},"o":{"x":0.333,"y":0},"t":150,"s":[{"i":[[34.331,-290.296],[45.148,-63.978],[192.29,21.058],[18.206,234.162],[-150.914,50.874]],"o":[[-18.064,152.743],[-82.852,65.022],[-114.352,-12.522],[-14.427,-185.565],[272.109,-91.73]],"v":[[406.621,36.51],[280.804,320.193],[-98.696,390.736],[-393.621,-1.221],[-139.627,-421.737]],"c":true}]},{"i":{"x":0.833,"y":0.833},"o":{"x":0.333,"y":0},"t":271,"s":[{"i":[[34.331,-290.296],[45.148,-63.979],[192.29,21.058],[18.206,234.162],[-149.203,45.671]],"o":[[-18.064,152.743],[-82.852,65.022],[-114.352,-12.522],[-14.427,-185.565],[274.578,-84.049]],"v":[[406.621,36.51],[280.804,320.193],[-98.696,390.736],[-393.621,-1.221],[-139.627,-421.737]],"c":true}]},{"i":{"x":0.833,"y":0.833},"o":{"x":0.167,"y":0.167},"t":273,"s":[{"i":[[32.075,-291.555],[44.57,-64.998],[187.652,22.707],[18.121,231.417],[-142.985,46.601]],"o":[[-16.915,153.091],[-82.163,65.786],[-111.653,-13.623],[-14.642,-186.003],[273.918,-81.53]],"v":[[400.747,36.99],[282.633,322.151],[-84.843,387.887],[-381.023,-0.988],[-124.895,-417.666]],"c":true}]},{"i":{"x":0.833,"y":0.833},"o":{"x":0.167,"y":0.167},"t":274,"s":[{"i":[[30.366,-292.508],[44.132,-65.769],[184.141,23.955],[18.056,229.338],[-138.277,47.305]],"o":[[-16.046,153.355],[-81.641,66.365],[-109.61,-14.456],[-14.804,-186.335],[273.417,-79.623]],"v":[[396.299,37.353],[284.019,323.633],[-74.352,385.729],[-360.788,-0.788],[-113.74,-414.583]],"c":true}]},{"i":{"x":0.833,"y":0.833},"o":{"x":0.167,"y":0.167},"t":275,"s":[{"i":[[27.852,-293.91],[43.488,-66.904],[178.973,25.792],[17.961,226.28],[-139.75,42.304]],"o":[[-14.766,153.742],[-80.873,67.216],[-106.603,-15.683],[-15.043,-186.822],[272.681,-76.816]],"v":[[389.754,37.887],[286.057,325.814],[-58.917,382.555],[-337.859,-0.496],[-99.352,-410.045]],"c":true}]},{"i":{"x":0.833,"y":0.833},"o":{"x":0.167,"y":0.167},"t":276,"s":[{"i":[[25.339,-295.313],[42.844,-68.04],[173.806,27.63],[17.867,223.221],[-124.422,49.377]],"o":[[-13.487,154.13],[-80.105,68.068],[-103.596,-16.909],[-15.281,-187.31],[271.945,-74.01]],"v":[[383.209,38.421],[288.095,327.996],[-43.482,379.38],[-314.93,-0.204],[-84.964,-405.507]],"c":true}]},{"i":{"x":0.833,"y":0.833},"o":{"x":0.167,"y":0.167},"t":278,"s":[{"i":[[20.311,-298.118],[41.556,-70.31],[163.472,31.304],[17.677,217.105],[-104.71,58.27]],"o":[[-10.928,154.905],[-78.569,69.77],[-97.583,-19.362],[-15.759,-188.286],[270.473,-68.397]],"v":[[370.12,39.49],[292.171,332.359],[-12.612,373.031],[-248.82,0.356],[-48.087,-396.44]],"c":true}]},{"i":{"x":0.833,"y":0.833},"o":{"x":0.167,"y":0.167},"t":281,"s":[{"i":[[7.182,-305.441],[38.193,-76.239],[136.487,40.898],[17.182,201.133],[-88.861,40.424]],"o":[[-4.245,156.929],[-74.558,74.217],[-81.88,-25.768],[-17.005,-190.834],[241.487,-98.142]],"v":[[335.942,42.28],[302.815,343.75],[79.817,346.45],[-135.449,6.537],[45.253,-367.392]],"c":true}]},{"i":{"x":0.833,"y":0.833},"o":{"x":0.167,"y":0.167},"t":285,"s":[{"i":[[-10.323,-315.207],[33.708,-84.144],[100.506,53.691],[16.522,179.837],[-59.919,25.724]],"o":[[4.665,159.628],[-69.211,80.146],[-60.944,-34.309],[-18.667,-194.231],[130.806,-110.161]],"v":[[290.371,46],[317.006,358.94],[203.056,311.009],[33.736,14.213],[165.527,-332.46]],"c":true}]},{"t":287,"s":[{"i":[[-19.076,-320.089],[31.466,-88.097],[82.516,60.088],[16.192,169.189],[-34.504,21.772]],"o":[[9.12,160.978],[-66.537,83.11],[-50.476,-38.58],[-19.498,-195.929],[141.183,-130.237]],"v":[[267.585,47.86],[324.102,366.534],[264.676,293.289],[117.314,18.044],[223.884,-310.814]],"c":true}]}],"ix":2},"nm":"Path 1","mn":"ADBE Vector Shape - Group","hd":false},{"ty":"gf","o":{"a":0,"k":100,"ix":10},"r":1,"bm":0,"g":{"p":3,"k":{"a":0,"k":[0.009,0,0,0,0.505,0,0,0,1,0,0,0,0.009,1,0.505,0.5,1,0],"ix":9}},"s":{"a":0,"k":[279.784,-348.786],"ix":5},"e":{"a":0,"k":[-254.708,352.85],"ix":6},"t":1,"nm":"Gradient Fill 1","mn":"ADBE Vector Graphic - G-Fill","hd":false},{"ty":"tr","p":{"a":0,"k":[0,0],"ix":2},"a":{"a":0,"k":[0,0],"ix":1},"s":{"a":0,"k":[100,100],"ix":3},"r":{"a":0,"k":0,"ix":6},"o":{"a":0,"k":100,"ix":7},"sk":{"a":0,"k":0,"ix":4},"sa":{"a":0,"k":0,"ix":5},"nm":"Transform"}],"nm":"Group 1","np":2,"cix":2,"bm":0,"ix":1,"mn":"ADBE Vector Group","hd":false}],"ip":97,"op":288,"st":0,"ct":1,"bm":0},{"ddd":0,"ind":9,"ty":4,"nm":"Head[","parent":3,"sr":1,"ks":{"o":{"a":0,"k":100,"ix":11},"r":{"a":0,"k":0,"ix":10},"p":{"a":0,"k":[222.862,346.514,0],"ix":2,"l":2},"a":{"a":0,"k":[0,416.948,0],"ix":1,"l":2},"s":{"a":1,"k":[{"i":{"x":[0.667,0.667,0.667],"y":[1,1,1]},"o":{"x":[0.333,0.333,0.333],"y":[0,0,0]},"t":60,"s":[100,100,100]},{"i":{"x":[0.667,0.667,0.667],"y":[1,1,1]},"o":{"x":[0.333,0.333,0.333],"y":[0,0,0]},"t":72,"s":[102.398,97.362,100]},{"i":{"x":[0.667,0.667,0.667],"y":[1,1,1]},"o":{"x":[0.333,0.333,0.333],"y":[0,0,0]},"t":92,"s":[99.041,101.439,100]},{"i":{"x":[0.746,0.746,0.746],"y":[1,1,1]},"o":{"x":[0.31,0.31,0.31],"y":[0,0,0]},"t":110,"s":[100,100,100]},{"i":{"x":[0.751,0.751,0.751],"y":[1,1,1]},"o":{"x":[0.409,0.409,0.409],"y":[0,0,0]},"t":254,"s":[100,100,100]},{"i":{"x":[0.746,0.746,0.746],"y":[1,1,1]},"o":{"x":[0.167,0.167,0.167],"y":[0,0,0]},"t":274,"s":[98.567,102.67,100]},{"i":{"x":[0.746,0.746,0.746],"y":[1,1,1]},"o":{"x":[0.167,0.167,0.167],"y":[0,0,0]},"t":293,"s":[101.439,98.328,100]},{"t":314,"s":[100,100,100]}],"ix":6,"l":2}},"ao":0,"shapes":[{"ty":"gr","it":[{"ind":0,"ty":"sh","ix":1,"ks":{"a":1,"k":[{"i":{"x":0.667,"y":1},"o":{"x":0.333,"y":0},"t":60,"s":[{"i":[[165.703,0],[0,-213.7],[-213.7,0],[-63.405,127.155],[0,61.959],[15.973,42.41]],"o":[[-213.7,0],[0,213.7],[151.74,0],[25.89,-51.92],[0,-47.996],[-55.147,-146.416]],"v":[[0,-386.937],[-386.937,0],[0,386.937],[346.485,172.437],[386.937,0],[362.225,-136.362]],"c":true}]},{"i":{"x":0.667,"y":1},"o":{"x":0.333,"y":0},"t":85,"s":[{"i":[[166.694,0],[0,-213.7],[-213.7,0],[-62.98,128.351],[7.457,66.436],[25.688,40.131]],"o":[[-213.7,0],[0,213.7],[152.617,0],[48.317,-48.951],[-5.243,-46.712],[-54.436,-147.799]],"v":[[0,-386.937],[-386.937,0],[0,386.937],[347.578,170.228],[408.44,4.487],[363.206,-133.73]],"c":true}]},{"i":{"x":0.833,"y":1},"o":{"x":0.333,"y":0},"t":126,"s":[{"i":[[165.703,0],[0,-213.7],[-213.7,0],[-63.405,127.155],[0,61.959],[15.973,42.41]],"o":[[-213.7,0],[0,213.7],[151.74,0],[25.89,-51.92],[0,-47.996],[-55.147,-146.416]],"v":[[0,-386.937],[-386.937,0],[0,386.937],[346.485,172.437],[386.937,0],[362.225,-136.362]],"c":true}]},{"i":{"x":0.667,"y":1},"o":{"x":0.167,"y":0},"t":271,"s":[{"i":[[165.703,0],[0,-213.7],[-213.7,0],[-63.405,127.155],[0,61.959],[15.973,42.41]],"o":[[-213.7,0],[0,213.7],[151.74,0],[25.89,-51.92],[0,-47.996],[-55.147,-146.416]],"v":[[0,-386.937],[-386.937,0],[0,386.937],[346.485,172.437],[386.937,0],[362.225,-136.362]],"c":true}]},{"i":{"x":0.667,"y":1},"o":{"x":0.333,"y":0},"t":286,"s":[{"i":[[166.694,0],[0,-213.7],[-213.7,0],[-62.98,128.351],[2.36,66.812],[25.688,40.131]],"o":[[-213.7,0],[0,213.7],[152.618,0],[48.317,-48.951],[-1.847,-52.296],[-54.436,-147.799]],"v":[[0,-386.937],[-386.937,0],[0,386.937],[344.172,190.819],[409.456,10.506],[363.206,-133.73]],"c":true}]},{"t":298,"s":[{"i":[[165.703,0],[0,-213.7],[-213.7,0],[-63.405,127.155],[0,61.959],[15.973,42.41]],"o":[[-213.7,0],[0,213.7],[151.74,0],[25.89,-51.92],[0,-47.996],[-55.147,-146.416]],"v":[[0,-386.937],[-386.937,0],[0,386.937],[346.485,172.437],[386.937,0],[362.225,-136.362]],"c":true}]}],"ix":2},"nm":"Path 1","mn":"ADBE Vector Shape - Group","hd":false},{"ty":"gf","o":{"a":0,"k":100,"ix":10},"r":1,"bm":0,"g":{"p":3,"k":{"a":0,"k":[0,1,0.961,0.827,0.5,1,0.98,0.914,1,1,1,1,0,1,0.5,0.5,1,0],"ix":9}},"s":{"a":0,"k":[637.53,-395.436],"ix":5},"e":{"a":0,"k":[635.585,-10.443],"ix":6},"t":1,"nm":"Gradient Fill 1","mn":"ADBE Vector Graphic - G-Fill","hd":false},{"ty":"tr","p":{"a":0,"k":[0,0],"ix":2},"a":{"a":0,"k":[0,0],"ix":1},"s":{"a":0,"k":[100,100],"ix":3},"r":{"a":0,"k":0,"ix":6},"o":{"a":0,"k":100,"ix":7},"sk":{"a":0,"k":0,"ix":4},"sa":{"a":0,"k":0,"ix":5},"nm":"Transform"}],"nm":"Group 3","np":2,"cix":2,"bm":0,"ix":1,"mn":"ADBE Vector Group","hd":false},{"ty":"gr","it":[{"ind":0,"ty":"sh","ix":1,"ks":{"a":1,"k":[{"i":{"x":0.667,"y":1},"o":{"x":0.333,"y":0},"t":60,"s":[{"i":[[174.082,0],[0,-230.274],[-230.274,0],[-68.979,135.103],[0,68.171],[20.153,48.921]],"o":[[-230.274,0],[0,230.274],[162.103,0],[29.009,-56.817],[0,-56.193],[-62.433,-151.554]],"v":[[0,-416.948],[-416.948,0],[0,416.948],[371.579,189.337],[416.948,0],[385.679,-158.71]],"c":true}]},{"i":{"x":0.667,"y":1},"o":{"x":0.333,"y":0},"t":85,"s":[{"i":[[175.128,0],[0,-230.274],[-230.274,0],[-68.549,136.365],[3.95,86.877],[43.104,46.421]],"o":[[-230.274,0],[0,230.274],[163.031,0],[60.143,-41.308],[-2.441,-53.695],[-61.758,-153.005]],"v":[[0,-416.948],[-416.948,0],[0,416.948],[372.756,187.014],[450.953,7.977],[386.795,-155.973]],"c":true}]},{"i":{"x":0.833,"y":1},"o":{"x":0.333,"y":0},"t":126,"s":[{"i":[[174.082,0],[0,-230.274],[-230.274,0],[-68.979,135.103],[0,68.171],[20.153,48.921]],"o":[[-230.274,0],[0,230.274],[162.103,0],[29.009,-56.817],[0,-56.193],[-62.433,-151.554]],"v":[[0,-416.948],[-416.948,0],[0,416.948],[371.579,189.337],[416.948,0],[385.679,-158.71]],"c":true}]},{"i":{"x":0.667,"y":1},"o":{"x":0.167,"y":0},"t":271,"s":[{"i":[[174.082,0],[0,-230.274],[-230.274,0],[-68.979,135.103],[0,68.171],[20.153,48.921]],"o":[[-230.274,0],[0,230.274],[162.103,0],[29.009,-56.817],[0,-56.193],[-62.433,-151.554]],"v":[[0,-416.948],[-416.948,0],[0,416.948],[371.579,189.337],[416.948,0],[385.679,-158.71]],"c":true}]},{"i":{"x":0.667,"y":1},"o":{"x":0.333,"y":0},"t":286,"s":[{"i":[[175.128,0],[0,-230.274],[-230.274,0],[-68.549,136.365],[0.164,86.967],[43.104,46.421]],"o":[[-230.274,0],[0,230.274],[163.031,0],[40.017,-36.092],[-0.091,-48.419],[-61.758,-153.005]],"v":[[0,-416.948],[-416.948,0],[0,416.948],[369.351,207.605],[450.005,21.03],[386.795,-155.973]],"c":true}]},{"t":298,"s":[{"i":[[174.082,0],[0,-230.274],[-230.274,0],[-68.979,135.103],[0,68.171],[20.153,48.921]],"o":[[-230.274,0],[0,230.274],[162.103,0],[29.009,-56.817],[0,-56.193],[-62.433,-151.554]],"v":[[0,-416.948],[-416.948,0],[0,416.948],[371.579,189.337],[416.948,0],[385.679,-158.71]],"c":true}]}],"ix":2},"nm":"Path 1","mn":"ADBE Vector Shape - Group","hd":false},{"ty":"gs","o":{"a":0,"k":100,"ix":9},"w":{"a":0,"k":25,"ix":10},"g":{"p":3,"k":{"a":0,"k":[0,0.969,0.667,0.082,0.5,0.924,0.616,0.176,1,0.878,0.565,0.271],"ix":8}},"s":{"a":0,"k":[624.53,-405.434],"ix":4},"e":{"a":0,"k":[624.53,410.46],"ix":5},"t":1,"lc":1,"lj":1,"ml":4,"ml2":{"a":0,"k":4,"ix":13},"bm":0,"nm":"Gradient Stroke 1","mn":"ADBE Vector Graphic - G-Stroke","hd":false},{"ty":"tr","p":{"a":0,"k":[0,0],"ix":2},"a":{"a":0,"k":[0,0],"ix":1},"s":{"a":0,"k":[100,100],"ix":3},"r":{"a":0,"k":0,"ix":6},"o":{"a":0,"k":100,"ix":7},"sk":{"a":0,"k":0,"ix":4},"sa":{"a":0,"k":0,"ix":5},"nm":"Transform"}],"nm":"Group 2","np":2,"cix":2,"bm":0,"ix":2,"mn":"ADBE Vector Group","hd":false},{"ty":"gr","it":[{"ind":0,"ty":"sh","ix":1,"ks":{"a":1,"k":[{"i":{"x":0.667,"y":1},"o":{"x":0.333,"y":0},"t":60,"s":[{"i":[[171.581,0],[0,-225.303],[-225.303,0],[-67.205,133.027],[0,66.082],[18.871,46.974]],"o":[[-225.303,0],[0,225.303],[159.221,0],[27.892,-55.21],[0,-53.722],[-60.271,-150.027]],"v":[[0,-407.947],[-407.947,0],[0,407.947],[364.343,183.704],[407.947,0],[378.692,-151.992]],"c":true}]},{"i":{"x":0.667,"y":1},"o":{"x":0.333,"y":0},"t":85,"s":[{"i":[[172.612,0],[0,-225.303],[-225.303,0],[-66.772,134.273],[0,65.167],[35.628,32.252]],"o":[[-225.303,0],[0,225.303],[160.137,0],[63.904,-34.203],[0,-52.691],[-59.584,-151.459]],"v":[[0,-407.947],[-407.947,0],[0,407.947],[365.495,181.405],[444.451,7.977],[379.769,-149.283]],"c":true}]},{"i":{"x":0.833,"y":1},"o":{"x":0.333,"y":0},"t":126,"s":[{"i":[[171.581,0],[0,-225.303],[-225.303,0],[-67.205,133.027],[0,66.082],[18.871,46.974]],"o":[[-225.303,0],[0,225.303],[159.221,0],[27.892,-55.21],[0,-53.722],[-60.271,-150.027]],"v":[[0,-407.947],[-407.947,0],[0,407.947],[364.343,183.704],[407.947,0],[378.692,-151.992]],"c":true}]},{"i":{"x":0.667,"y":1},"o":{"x":0.167,"y":0},"t":271,"s":[{"i":[[171.581,0],[0,-225.303],[-225.303,0],[-67.205,133.027],[0,66.082],[18.871,46.974]],"o":[[-225.303,0],[0,225.303],[159.221,0],[27.892,-55.21],[0,-53.722],[-60.271,-150.027]],"v":[[0,-407.947],[-407.947,0],[0,407.947],[364.343,183.704],[407.947,0],[378.692,-151.992]],"c":true}]},{"i":{"x":0.667,"y":1},"o":{"x":0.333,"y":0},"t":286,"s":[{"i":[[172.612,0],[0,-225.303],[-225.303,0],[-66.772,134.273],[0,65.167],[33.544,34.696]],"o":[[-225.303,0],[0,225.303],[160.137,0],[49.773,-27.983],[0,-52.691],[-59.584,-151.459]],"v":[[0,-407.947],[-407.947,0],[0,407.947],[362.089,201.996],[443.504,21.03],[379.265,-151.289]],"c":true}]},{"t":298,"s":[{"i":[[171.581,0],[0,-225.303],[-225.303,0],[-67.205,133.027],[0,66.082],[18.871,46.974]],"o":[[-225.303,0],[0,225.303],[159.221,0],[27.892,-55.21],[0,-53.722],[-60.271,-150.027]],"v":[[0,-407.947],[-407.947,0],[0,407.947],[364.343,183.704],[407.947,0],[378.692,-151.992]],"c":true}]}],"ix":2},"nm":"Path 1","mn":"ADBE Vector Shape - Group","hd":false},{"ty":"gf","o":{"a":0,"k":100,"ix":10},"r":1,"bm":0,"g":{"p":5,"k":{"a":0,"k":[0,1,0.859,0.502,0.277,1,0.859,0.427,0.554,1,0.859,0.353,0.777,1,0.888,0.271,1,1,0.918,0.188],"ix":9}},"s":{"a":0,"k":[-82441.484,-157142.453],"ix":5},"e":{"a":0,"k":[-728.862,36.434],"ix":6},"t":2,"h":{"a":0,"k":0,"ix":7},"a":{"a":0,"k":0,"ix":8},"nm":"Gradient Fill 1","mn":"ADBE Vector Graphic - G-Fill","hd":false},{"ty":"tr","p":{"a":0,"k":[0,0],"ix":2},"a":{"a":0,"k":[0,0],"ix":1},"s":{"a":0,"k":[100,100],"ix":3},"r":{"a":0,"k":0,"ix":6},"o":{"a":0,"k":100,"ix":7},"sk":{"a":0,"k":0,"ix":4},"sa":{"a":0,"k":0,"ix":5},"nm":"Transform"}],"nm":"Group 1","np":2,"cix":2,"bm":0,"ix":3,"mn":"ADBE Vector Group","hd":false}],"ip":0,"op":1800,"st":0,"ct":1,"bm":0},{"ddd":0,"ind":10,"ty":4,"nm":"Layer 42","parent":5,"sr":1,"ks":{"o":{"a":0,"k":100,"ix":11},"r":{"a":1,"k":[{"i":{"x":[0.667],"y":[1]},"o":{"x":[0.333],"y":[0]},"t":64,"s":[0]},{"i":{"x":[0.667],"y":[1]},"o":{"x":[0.333],"y":[0]},"t":83,"s":[-7.404]},{"i":{"x":[0.667],"y":[1]},"o":{"x":[0.333],"y":[0]},"t":103,"s":[1.971]},{"i":{"x":[0.667],"y":[1]},"o":{"x":[0.167],"y":[0]},"t":130,"s":[0]},{"i":{"x":[0.667],"y":[1]},"o":{"x":[0.333],"y":[0]},"t":257,"s":[0]},{"i":{"x":[0.667],"y":[1]},"o":{"x":[0.333],"y":[0]},"t":279,"s":[3.801]},{"i":{"x":[0.833],"y":[1]},"o":{"x":[0.333],"y":[0]},"t":303,"s":[-2.333]},{"t":325,"s":[0]}],"ix":10},"p":{"a":1,"k":[{"i":{"x":0.667,"y":1},"o":{"x":0.333,"y":0},"t":60,"s":[2056.105,981.102,0],"to":[0,0,0],"ti":[0,0,0]},{"i":{"x":0.667,"y":1},"o":{"x":0.333,"y":0},"t":79,"s":[2082.105,981.102,0],"to":[0,0,0],"ti":[0,0,0]},{"i":{"x":0.667,"y":1},"o":{"x":0.333,"y":0},"t":99,"s":[2042.105,981.102,0],"to":[0,0,0],"ti":[0,0,0]},{"i":{"x":0.667,"y":0.667},"o":{"x":0.333,"y":0.333},"t":126,"s":[2056.105,981.102,0],"to":[0,0,0],"ti":[0,0,0]},{"i":{"x":0.667,"y":1},"o":{"x":0.333,"y":0},"t":254,"s":[2056.105,981.102,0],"to":[0,0,0],"ti":[0,0,0]},{"i":{"x":0.667,"y":1},"o":{"x":0.333,"y":0},"t":276,"s":[2046.157,981.102,0],"to":[0,0,0],"ti":[0,0,0]},{"i":{"x":0.667,"y":1},"o":{"x":0.333,"y":0},"t":300,"s":[2056.105,987.143,0],"to":[0,0,0],"ti":[0,0,0]},{"t":322,"s":[2056.105,981.102,0]}],"ix":2,"l":2},"a":{"a":0,"k":[67.776,-38.801,0],"ix":1,"l":2},"s":{"a":0,"k":[129.8,129.8,100],"ix":6,"l":2}},"ao":0,"shapes":[{"ty":"gr","it":[{"ind":0,"ty":"sh","ix":1,"ks":{"a":0,"k":{"i":[[0,0],[51.424,-2.446],[-8.265,21.429],[0,0]],"o":[[-4.592,36.618],[-49.97,2.376],[8.265,-21.429],[0,0]],"v":[[67.776,-38.801],[-6.148,38.637],[-65.847,-4.362],[-19.346,-35.85]],"c":true},"ix":2},"nm":"Path 1","mn":"ADBE Vector Shape - Group","hd":false},{"ty":"gs","o":{"a":0,"k":100,"ix":9},"w":{"a":0,"k":26.021,"ix":10},"g":{"p":3,"k":{"a":0,"k":[0,0.902,0.541,0,0.5,0.888,0.533,0,1,0.875,0.525,0],"ix":8}},"s":{"a":0,"k":[45.941,34.361],"ix":4},"e":{"a":0,"k":[-40.19,-51.771],"ix":5},"t":1,"lc":2,"lj":2,"bm":0,"nm":"Gradient Stroke 1","mn":"ADBE Vector Graphic - G-Stroke","hd":false},{"ty":"gf","o":{"a":0,"k":100,"ix":10},"r":1,"bm":0,"g":{"p":7,"k":{"a":0,"k":[0.336,1,0.957,0.643,0.439,1,0.941,0.506,0.542,1,0.925,0.369,0.658,0.986,0.892,0.251,0.774,0.973,0.859,0.133,0.887,0.986,0.792,0.18,1,1,0.725,0.227],"ix":9}},"s":{"a":0,"k":[40.941,-78.639],"ix":5},"e":{"a":0,"k":[-20.017,25.329],"ix":6},"t":1,"nm":"Gradient Fill 1","mn":"ADBE Vector Graphic - G-Fill","hd":false},{"ty":"tr","p":{"a":0,"k":[0,0],"ix":2},"a":{"a":0,"k":[0,0],"ix":1},"s":{"a":0,"k":[100,100],"ix":3},"r":{"a":0,"k":0,"ix":6},"o":{"a":0,"k":100,"ix":7},"sk":{"a":0,"k":0,"ix":4},"sa":{"a":0,"k":0,"ix":5},"nm":"Transform"}],"nm":"Group 1","np":3,"cix":2,"bm":0,"ix":1,"mn":"ADBE Vector Group","hd":false}],"ip":0,"op":1800,"st":0,"ct":1,"bm":0},{"ddd":0,"ind":11,"ty":4,"nm":"Layer 41","parent":2,"sr":1,"ks":{"o":{"a":0,"k":100,"ix":11},"r":{"a":0,"k":0,"ix":10},"p":{"a":0,"k":[41.659,-174.625,0],"ix":2,"l":2},"a":{"a":0,"k":[810.728,790.471,0],"ix":1,"l":2},"s":{"a":0,"k":[129.8,129.8,100],"ix":6,"l":2}},"ao":0,"shapes":[{"ty":"gr","it":[{"ind":0,"ty":"sh","ix":1,"ks":{"a":1,"k":[{"i":{"x":0.667,"y":1},"o":{"x":0.333,"y":0},"t":62,"s":[{"i":[[0,0],[-37.736,-51.28],[0.055,-17.219]],"o":[[-21.775,9.16],[23.554,32.009],[0,0]],"v":[[8.598,-77.567],[-1.076,23.06],[20.268,77.567]],"c":false}]},{"i":{"x":0.667,"y":1},"o":{"x":0.333,"y":0},"t":81,"s":[{"i":[[0,0],[-38.109,-48.176],[0.055,-17.219]],"o":[[-21.991,8.605],[23.787,30.071],[0,0]],"v":[[18.415,-69.502],[8.645,25.03],[31.825,77.586]],"c":false}]},{"i":{"x":0.667,"y":1},"o":{"x":0.333,"y":0},"t":101,"s":[{"i":[[0,0],[-37.735,-49.285],[0.055,-17.219]],"o":[[-21.775,8.804],[23.554,30.763],[0,0]],"v":[[5.516,-82.404],[-4.158,14.305],[17.187,77.567]],"c":false}]},{"i":{"x":0.667,"y":1},"o":{"x":0.167,"y":0},"t":128,"s":[{"i":[[0,0],[-37.737,-51.28],[0.055,-17.219]],"o":[[-21.775,9.16],[23.554,32.01],[0,0]],"v":[[8.598,-77.567],[-1.076,23.06],[20.268,77.567]],"c":false}]},{"i":{"x":0.667,"y":1},"o":{"x":0.333,"y":0},"t":254,"s":[{"i":[[0,0],[-37.737,-51.28],[0.055,-17.219]],"o":[[-21.775,9.16],[23.554,32.01],[0,0]],"v":[[8.598,-77.567],[-1.076,23.06],[20.268,77.567]],"c":false}]},{"i":{"x":0.667,"y":1},"o":{"x":0.333,"y":0},"t":276,"s":[{"i":[[0,0],[-37.735,-47.731],[0.055,-17.219]],"o":[[-21.775,8.526],[23.554,29.793],[0,0]],"v":[[12.45,-85.312],[2.776,8.347],[24.12,77.567]],"c":false}]},{"t":300,"s":[{"i":[[0,0],[-37.737,-51.28],[0.055,-17.219]],"o":[[-21.775,9.16],[23.554,32.01],[0,0]],"v":[[8.598,-77.567],[-1.076,23.06],[20.268,77.567]],"c":false}]}],"ix":2},"nm":"Path 1","mn":"ADBE Vector Shape - Group","hd":false},{"ty":"st","c":{"a":0,"k":[0.478431373835,0.584313750267,0.003921568859,1],"ix":3},"o":{"a":0,"k":100,"ix":4},"w":{"a":0,"k":22.702,"ix":5},"lc":2,"lj":2,"bm":0,"nm":"Stroke 1","mn":"ADBE Vector Graphic - Stroke","hd":false},{"ty":"tr","p":{"a":0,"k":[784.516,811.171],"ix":2},"a":{"a":0,"k":[0,0],"ix":1},"s":{"a":0,"k":[100,100],"ix":3},"r":{"a":0,"k":0,"ix":6},"o":{"a":0,"k":100,"ix":7},"sk":{"a":0,"k":0,"ix":4},"sa":{"a":0,"k":0,"ix":5},"nm":"Transform"}],"nm":"Group 1","np":2,"cix":2,"bm":0,"ix":1,"mn":"ADBE Vector Group","hd":false},{"ty":"gr","it":[{"ind":0,"ty":"sh","ix":1,"ks":{"a":1,"k":[{"i":{"x":0.667,"y":1},"o":{"x":0.333,"y":0},"t":62,"s":[{"i":[[0,0],[0,0],[13.732,21.574],[0,0],[0,0],[0,0]],"o":[[0,0],[0,0],[-53.582,-84.181],[0,0],[0,0],[0,0]],"v":[[127.522,101.975],[-118.241,101.975],[-137.226,54.401],[-121.538,-99.014],[-5.358,-97.424],[157.558,-101.975]],"c":true}]},{"i":{"x":0.667,"y":1},"o":{"x":0.333,"y":0},"t":81,"s":[{"i":[[0,0],[0,0],[13.869,20.268],[0,0],[0,0],[0,0]],"o":[[0,0],[0,0],[-54.115,-79.083],[0,0],[0,0],[0,0]],"v":[[138.308,101.749],[-118.241,101.975],[-140.153,55.708],[-124.309,-88.416],[-6.975,-86.923],[168.344,-91.424]],"c":true}]},{"i":{"x":0.667,"y":1},"o":{"x":0.333,"y":0},"t":101,"s":[{"i":[[0,0],[0,0],[13.732,20.735],[0,0],[0,0],[0,0]],"o":[[0,0],[0,0],[-53.582,-80.904],[0,0],[0,0],[0,0]],"v":[[127.522,101.975],[-118.241,101.975],[-137.226,45.232],[-121.538,-102.211],[-5.358,-100.683],[157.558,-105.056]],"c":true}]},{"i":{"x":0.667,"y":1},"o":{"x":0.167,"y":0},"t":128,"s":[{"i":[[0,0],[0,0],[13.732,21.574],[0,0],[0,0],[0,0]],"o":[[0,0],[0,0],[-53.582,-84.181],[0,0],[0,0],[0,0]],"v":[[127.522,101.975],[-118.241,101.975],[-137.226,54.401],[-121.538,-99.014],[-5.358,-97.424],[157.558,-101.975]],"c":true}]},{"i":{"x":0.667,"y":1},"o":{"x":0.333,"y":0},"t":254,"s":[{"i":[[0,0],[0,0],[13.732,21.574],[0,0],[0,0],[0,0]],"o":[[0,0],[0,0],[-53.582,-84.181],[0,0],[0,0],[0,0]],"v":[[127.522,101.975],[-118.241,101.975],[-137.226,54.401],[-121.538,-99.014],[-5.358,-97.424],[157.558,-101.975]],"c":true}]},{"i":{"x":0.667,"y":1},"o":{"x":0.333,"y":0},"t":276,"s":[{"i":[[0,0],[0,0],[13.732,20.081],[0,0],[0,0],[0,0]],"o":[[0,0],[0,0],[-53.582,-78.353],[0,0],[0,0],[0,0]],"v":[[132.915,101.975],[-122.093,101.975],[-141.078,38.952],[-125.39,-103.841],[-5.358,-102.362],[162.951,-106.597]],"c":true}]},{"t":300,"s":[{"i":[[0,0],[0,0],[13.732,21.574],[0,0],[0,0],[0,0]],"o":[[0,0],[0,0],[-53.582,-84.181],[0,0],[0,0],[0,0]],"v":[[127.522,101.975],[-118.241,101.975],[-137.226,54.401],[-121.538,-99.014],[-5.358,-97.424],[157.558,-101.975]],"c":true}]}],"ix":2},"nm":"Path 1","mn":"ADBE Vector Shape - Group","hd":false},{"ty":"gs","o":{"a":0,"k":100,"ix":9},"w":{"a":0,"k":22.702,"ix":10},"g":{"p":3,"k":{"a":0,"k":[0,0.455,0.557,0,0.5,0.488,0.596,0,1,0.522,0.635,0],"ix":8}},"s":{"a":0,"k":[-57.895,691.971],"ix":4},"e":{"a":0,"k":[105.646,760.757],"ix":5},"t":1,"lc":1,"lj":2,"bm":0,"nm":"Gradient Stroke 1","mn":"ADBE Vector Graphic - G-Stroke","hd":false},{"ty":"fl","c":{"a":0,"k":[0.631372570992,0.764705896378,0.031372550875,1],"ix":4},"o":{"a":0,"k":100,"ix":5},"r":1,"bm":0,"nm":"Fill 1","mn":"ADBE Vector Graphic - Fill","hd":false},{"ty":"tr","p":{"a":0,"k":[810.728,790.471],"ix":2},"a":{"a":0,"k":[0,0],"ix":1},"s":{"a":0,"k":[100,100],"ix":3},"r":{"a":0,"k":0,"ix":6},"o":{"a":0,"k":100,"ix":7},"sk":{"a":0,"k":0,"ix":4},"sa":{"a":0,"k":0,"ix":5},"nm":"Transform"}],"nm":"Group 2","np":3,"cix":2,"bm":0,"ix":2,"mn":"ADBE Vector Group","hd":false}],"ip":0,"op":1800,"st":0,"ct":1,"bm":0},{"ddd":0,"ind":12,"ty":4,"nm":"Layer 40","parent":2,"sr":1,"ks":{"o":{"a":0,"k":100,"ix":11},"r":{"a":0,"k":0,"ix":10},"p":{"a":0,"k":[126.917,16.025,0],"ix":2,"l":2},"a":{"a":0,"k":[0,0,0],"ix":1,"l":2},"s":{"a":0,"k":[129.8,129.8,100],"ix":6,"l":2}},"ao":0,"shapes":[{"ty":"gr","it":[{"ind":0,"ty":"sh","ix":1,"ks":{"a":0,"k":{"i":[[0,0],[-0.306,-2.304],[-29.082,18.98],[45.706,5.51],[0,0]],"o":[[0,0],[0.306,2.304],[28.253,-18.439],[0,0],[0,0]],"v":[[-71.628,-48.613],[-76.878,63.879],[62.408,53.326],[30.571,-10.654],[39.449,-66.675]],"c":true},"ix":2},"nm":"Path 1","mn":"ADBE Vector Shape - Group","hd":false},{"ty":"gs","o":{"a":0,"k":100,"ix":9},"w":{"a":0,"k":26.021,"ix":10},"g":{"p":3,"k":{"a":0,"k":[0,0.902,0.541,0,0.5,0.888,0.533,0,1,0.875,0.525,0],"ix":8}},"s":{"a":0,"k":[59.42,76.149],"ix":4},"e":{"a":0,"k":[-77.545,-60.816],"ix":5},"t":1,"lc":2,"lj":2,"bm":0,"nm":"Gradient Stroke 1","mn":"ADBE Vector Graphic - G-Stroke","hd":false},{"ty":"fl","c":{"a":0,"k":[1,0.72549021244,0.227450981736,1],"ix":4},"o":{"a":0,"k":100,"ix":5},"r":1,"bm":0,"nm":"Fill 1","mn":"ADBE Vector Graphic - Fill","hd":false},{"ty":"tr","p":{"a":0,"k":[0,0],"ix":2},"a":{"a":0,"k":[0,0],"ix":1},"s":{"a":0,"k":[100,100],"ix":3},"r":{"a":0,"k":0,"ix":6},"o":{"a":0,"k":100,"ix":7},"sk":{"a":0,"k":0,"ix":4},"sa":{"a":0,"k":0,"ix":5},"nm":"Transform"}],"nm":"Group 1","np":3,"cix":2,"bm":0,"ix":1,"mn":"ADBE Vector Group","hd":false}],"ip":0,"op":1800,"st":0,"ct":1,"bm":0},{"ddd":0,"ind":13,"ty":4,"nm":"Layer 39","parent":2,"sr":1,"ks":{"o":{"a":0,"k":100,"ix":11},"r":{"a":0,"k":0,"ix":10},"p":{"a":0,"k":[15.029,9.845,0],"ix":2,"l":2},"a":{"a":0,"k":[0,0,0],"ix":1,"l":2},"s":{"a":0,"k":[129.8,129.8,100],"ix":6,"l":2}},"ao":0,"shapes":[{"ty":"gr","it":[{"ind":0,"ty":"sh","ix":1,"ks":{"a":0,"k":{"i":[[0,0],[-0.306,-2.304],[-29.082,18.98],[45.706,5.51],[0,0]],"o":[[0,0],[0.306,2.304],[28.253,-18.439],[0,0],[0,0]],"v":[[-71.628,-48.613],[-76.878,63.879],[62.408,53.326],[30.571,-10.654],[39.449,-66.675]],"c":true},"ix":2},"nm":"Path 1","mn":"ADBE Vector Shape - Group","hd":false},{"ty":"gs","o":{"a":0,"k":100,"ix":9},"w":{"a":0,"k":26.021,"ix":10},"g":{"p":3,"k":{"a":0,"k":[0,0.902,0.541,0,0.5,0.888,0.533,0,1,0.875,0.525,0],"ix":8}},"s":{"a":0,"k":[59.621,75.91],"ix":4},"e":{"a":0,"k":[-77.344,-61.055],"ix":5},"t":1,"lc":2,"lj":2,"bm":0,"nm":"Gradient Stroke 1","mn":"ADBE Vector Graphic - G-Stroke","hd":false},{"ty":"fl","c":{"a":0,"k":[1,0.72549021244,0.227450981736,1],"ix":4},"o":{"a":0,"k":100,"ix":5},"r":1,"bm":0,"nm":"Fill 1","mn":"ADBE Vector Graphic - Fill","hd":false},{"ty":"tr","p":{"a":0,"k":[0,0],"ix":2},"a":{"a":0,"k":[0,0],"ix":1},"s":{"a":0,"k":[100,100],"ix":3},"r":{"a":0,"k":0,"ix":6},"o":{"a":0,"k":100,"ix":7},"sk":{"a":0,"k":0,"ix":4},"sa":{"a":0,"k":0,"ix":5},"nm":"Transform"}],"nm":"Group 1","np":3,"cix":2,"bm":0,"ix":1,"mn":"ADBE Vector Group","hd":false}],"ip":0,"op":1800,"st":0,"ct":1,"bm":0}]},{"id":"comp_2","nm":"Eyes Comp 1","fr":60,"layers":[{"ddd":0,"ind":1,"ty":4,"nm":"mouth","parent":2,"sr":1,"ks":{"o":{"a":0,"k":100,"ix":11},"r":{"a":0,"k":-5,"ix":10},"p":{"a":0,"k":[303.842,501.794,0],"ix":2,"l":2},"a":{"a":0,"k":[0,0,0],"ix":1,"l":2},"s":{"a":0,"k":[200,200,100],"ix":6,"l":2}},"ao":0,"shapes":[{"ty":"gr","it":[{"ind":0,"ty":"sh","ix":1,"ks":{"a":1,"k":[{"i":{"x":0.667,"y":1},"o":{"x":0.167,"y":0.167},"t":110,"s":[{"i":[[0,0],[0,0]],"o":[[0,0],[0,0]],"v":[[13.343,0],[-13.343,0]],"c":false}]},{"t":264,"s":[{"i":[[0,0],[0,0]],"o":[[0,0],[0,0]],"v":[[23.791,0],[-23.791,0]],"c":false}]}],"ix":2},"nm":"Path 1","mn":"ADBE Vector Shape - Group","hd":false},{"ty":"gs","o":{"a":0,"k":100,"ix":9},"w":{"a":0,"k":15.002,"ix":10},"g":{"p":3,"k":{"a":0,"k":[0,0.471,0.227,0.039,0.498,0.559,0.275,0.056,1,0.647,0.323,0.073],"ix":8}},"s":{"a":0,"k":[0.409,-7.699],"ix":4},"e":{"a":0,"k":[-0.417,7.524],"ix":5},"t":1,"lc":2,"lj":2,"bm":0,"nm":"Gradient Stroke 1","mn":"ADBE Vector Graphic - G-Stroke","hd":false},{"ty":"tr","p":{"a":0,"k":[0,0.004],"ix":2},"a":{"a":0,"k":[0,0],"ix":1},"s":{"a":0,"k":[100,100],"ix":3},"r":{"a":0,"k":0,"ix":6},"o":{"a":0,"k":100,"ix":7},"sk":{"a":0,"k":0,"ix":4},"sa":{"a":0,"k":0,"ix":5},"nm":"Transform"}],"nm":"Group 4","np":2,"cix":2,"bm":0,"ix":1,"mn":"ADBE Vector Group","hd":false},{"ty":"gr","it":[{"ind":0,"ty":"sh","ix":1,"ks":{"a":1,"k":[{"i":{"x":0.667,"y":1},"o":{"x":0.167,"y":0.167},"t":110,"s":[{"i":[[0,0],[0,0]],"o":[[0,0],[0,0]],"v":[[12.416,0],[-12.416,0]],"c":false}]},{"t":264,"s":[{"i":[[0,0],[0,0]],"o":[[0,0],[0,0]],"v":[[22.14,0],[-22.14,0]],"c":false}]}],"ix":2},"nm":"Path 1","mn":"ADBE Vector Shape - Group","hd":false},{"ty":"gs","o":{"a":0,"k":100,"ix":9},"w":{"a":0,"k":15,"ix":10},"g":{"p":3,"k":{"a":0,"k":[0,1,1,1,0.497,1,1,1,0.998,1,1,1,0,1,0.499,0.5,0.997,0],"ix":8}},"s":{"a":0,"k":[0.409,-7.699],"ix":4},"e":{"a":0,"k":[0.659,6.691],"ix":5},"t":1,"lc":2,"lj":2,"bm":0,"nm":"Gradient Stroke 1","mn":"ADBE Vector Graphic - G-Stroke","hd":false},{"ty":"tr","p":{"a":0,"k":[0,3.004],"ix":2},"a":{"a":0,"k":[0,0],"ix":1},"s":{"a":0,"k":[100,100],"ix":3},"r":{"a":0,"k":0,"ix":6},"o":{"a":0,"k":100,"ix":7},"sk":{"a":0,"k":0,"ix":4},"sa":{"a":0,"k":0,"ix":5},"nm":"Transform"}],"nm":"Group 1","np":2,"cix":2,"bm":0,"ix":2,"mn":"ADBE Vector Group","hd":false},{"ty":"gr","it":[{"ind":0,"ty":"sh","ix":1,"ks":{"a":1,"k":[{"i":{"x":0.667,"y":1},"o":{"x":0.167,"y":0.167},"t":110,"s":[{"i":[[0,0],[0,0]],"o":[[0,0],[0,0]],"v":[[11.541,0],[-11.541,0]],"c":false}]},{"t":264,"s":[{"i":[[0,0],[0,0]],"o":[[0,0],[0,0]],"v":[[20.58,0],[-20.58,0]],"c":false}]}],"ix":2},"nm":"Path 1","mn":"ADBE Vector Shape - Group","hd":false},{"ty":"gs","o":{"a":0,"k":100,"ix":9},"w":{"a":0,"k":15,"ix":10},"g":{"p":3,"k":{"a":0,"k":[0,0.765,0.306,0,0.497,0.765,0.306,0,0.998,0.765,0.306,0,0,1,0.499,0.5,0.997,0],"ix":8}},"s":{"a":0,"k":[0.409,-7.699],"ix":4},"e":{"a":0,"k":[0.659,6.691],"ix":5},"t":1,"lc":2,"lj":2,"bm":0,"nm":"Gradient Stroke 1","mn":"ADBE Vector Graphic - G-Stroke","hd":false},{"ty":"tr","p":{"a":0,"k":[0,-5.996],"ix":2},"a":{"a":0,"k":[0,0],"ix":1},"s":{"a":0,"k":[100,100],"ix":3},"r":{"a":0,"k":-180,"ix":6},"o":{"a":0,"k":46,"ix":7},"sk":{"a":0,"k":0,"ix":4},"sa":{"a":0,"k":0,"ix":5},"nm":"Transform"}],"nm":"Group 5","np":2,"cix":2,"bm":0,"ix":3,"mn":"ADBE Vector Group","hd":false}],"ip":0,"op":1800,"st":0,"ct":1,"bm":0},{"ddd":0,"ind":2,"ty":0,"nm":"Eyes","refId":"comp_3","sr":1,"ks":{"o":{"a":0,"k":100,"ix":11},"r":{"a":0,"k":5,"ix":10},"p":{"a":1,"k":[{"i":{"x":0.167,"y":1},"o":{"x":0.54,"y":0},"t":60,"s":[1687.829,915.941,0],"to":[0,0,0],"ti":[0,0,0]},{"i":{"x":0.167,"y":0.167},"o":{"x":0.333,"y":0.333},"t":135,"s":[1155.861,869.4,0],"to":[0,0,0],"ti":[0,0,0]},{"i":{"x":0.667,"y":1},"o":{"x":1,"y":0},"t":271,"s":[1155.861,869.4,0],"to":[0,0,0],"ti":[0,0,0]},{"t":300,"s":[1687.829,915.941,0]}],"ix":2,"l":2},"a":{"a":0,"k":[305,269,0],"ix":1,"l":2},"s":{"a":0,"k":[100,100,100],"ix":6,"l":2}},"ao":0,"w":610,"h":538,"ip":0,"op":1800,"st":0,"bm":0}]},{"id":"comp_3","nm":"Eyes","fr":60,"layers":[{"ddd":0,"ind":1,"ty":4,"nm":"Layer 35","sr":1,"ks":{"o":{"a":0,"k":100,"ix":11},"r":{"a":0,"k":0,"ix":10},"p":{"a":0,"k":[178.269,268.4,0],"ix":2,"l":2},"a":{"a":0,"k":[2174.269,521.9,0],"ix":1,"l":2},"s":{"a":0,"k":[100,100,100],"ix":6,"l":2}},"ao":0,"shapes":[{"ty":"gr","it":[{"ind":0,"ty":"sh","ix":1,"ks":{"a":1,"k":[{"i":{"x":0.833,"y":1},"o":{"x":0.167,"y":0.167},"t":89,"s":[{"i":[[-26.656,0.357],[1.01,-97.199],[57.547,0.788],[-1.01,97.199]],"o":[[67.848,-0.909],[-1.01,97.199],[-28.994,-0.397],[1.01,-97.199]],"v":[[1.829,-175.994],[124.206,1.695],[-1.829,175.994],[-57.837,0.059]],"c":true}]},{"i":{"x":0.24,"y":1},"o":{"x":0.167,"y":0},"t":110,"s":[{"i":[[-57.551,-0.33],[1.01,-97.199],[57.551,0.33],[-1.01,97.199]],"o":[[57.551,0.33],[-1.01,97.199],[-57.551,-0.33],[1.01,-97.199]],"v":[[1.829,-175.994],[104.206,0.598],[-1.829,175.994],[-104.206,-0.598]],"c":true}]},{"i":{"x":0.667,"y":1},"o":{"x":0.76,"y":0},"t":284,"s":[{"i":[[-57.551,-0.33],[1.01,-97.199],[57.551,0.33],[-1.01,97.199]],"o":[[57.551,0.33],[-1.01,97.199],[-57.551,-0.33],[1.01,-97.199]],"v":[[1.829,-175.994],[104.206,0.598],[-1.829,175.994],[-104.206,-0.598]],"c":true}]},{"t":294,"s":[{"i":[[-26.656,0.357],[1.01,-97.199],[57.547,0.788],[-1.01,97.199]],"o":[[67.848,-0.909],[-1.01,97.199],[-28.994,-0.397],[1.01,-97.199]],"v":[[1.829,-175.994],[124.206,1.695],[-1.829,175.994],[-57.837,0.059]],"c":true}]}],"ix":2},"nm":"Path 1","mn":"ADBE Vector Shape - Group","hd":false},{"ty":"gs","o":{"a":0,"k":100,"ix":9},"w":{"a":0,"k":18.002,"ix":10},"g":{"p":3,"k":{"a":0,"k":[0,0.624,0.298,0,0.5,0.633,0.324,0,1,0.643,0.349,0],"ix":8}},"s":{"a":0,"k":[-256.513,-263.433],"ix":4},"e":{"a":0,"k":[-254.523,-615.435],"ix":5},"t":1,"lc":1,"lj":1,"ml":4,"ml2":{"a":0,"k":4,"ix":13},"bm":0,"nm":"Gradient Stroke 1","mn":"ADBE Vector Graphic - G-Stroke","hd":false},{"ty":"tr","p":{"a":0,"k":[2175.823,522.403],"ix":2},"a":{"a":0,"k":[0,0],"ix":1},"s":{"a":0,"k":[100,100],"ix":3},"r":{"a":0,"k":0,"ix":6},"o":{"a":0,"k":100,"ix":7},"sk":{"a":0,"k":0,"ix":4},"sa":{"a":0,"k":0,"ix":5},"nm":"Transform"}],"nm":"Group 1","np":2,"cix":2,"bm":0,"ix":1,"mn":"ADBE Vector Group","hd":false}],"ip":0,"op":1800,"st":0,"ct":1,"bm":0},{"ddd":0,"ind":2,"ty":4,"nm":"puppil","sr":1,"ks":{"o":{"a":0,"k":100,"ix":11},"r":{"a":0,"k":0,"ix":10},"p":{"a":1,"k":[{"i":{"x":0.11,"y":1},"o":{"x":0.333,"y":0},"t":90,"s":[230.026,289.67,0],"to":[0,0,0],"ti":[0,0,0]},{"i":{"x":0.667,"y":0.667},"o":{"x":0.333,"y":0.333},"t":135,"s":[131.026,289.67,0],"to":[0,0,0],"ti":[0,0,0]},{"i":{"x":0.667,"y":1},"o":{"x":0.333,"y":0},"t":152,"s":[131.026,289.67,0],"to":[0,0,0],"ti":[0,0,0]},{"i":{"x":0.667,"y":0.667},"o":{"x":0.333,"y":0.333},"t":195,"s":[233.026,289.67,0],"to":[0,0,0],"ti":[0,0,0]},{"i":{"x":0.667,"y":1},"o":{"x":0.333,"y":0},"t":225,"s":[233.026,289.67,0],"to":[0,0,0],"ti":[0,0,0]},{"i":{"x":0.17,"y":0.17},"o":{"x":0.333,"y":0.333},"t":264,"s":[116.026,289.67,0],"to":[0,0,0],"ti":[0,0,0]},{"i":{"x":0.667,"y":1},"o":{"x":0.83,"y":0},"t":284,"s":[116.026,289.67,0],"to":[0,0,0],"ti":[0,0,0]},{"t":294,"s":[142.026,289.67,0]}],"ix":2,"l":2},"a":{"a":0,"k":[0,0,0],"ix":1,"l":2},"s":{"a":0,"k":[106,106,100],"ix":6,"l":2}},"ao":0,"shapes":[{"ty":"gr","it":[{"ind":0,"ty":"sh","ix":1,"ks":{"a":1,"k":[{"i":{"x":0.833,"y":1},"o":{"x":0.167,"y":0},"t":89,"s":[{"i":[[-16.689,-1.258],[3.128,-58.493],[28.281,3.87],[-3.128,58.493]],"o":[[28.463,2.146],[-3.128,58.493],[-18.863,-2.581],[3.128,-58.493]],"v":[[5.663,-105.912],[66.442,5.162],[-5.663,105.912],[-30.942,-5.475]],"c":true}]},{"i":{"x":0.833,"y":1},"o":{"x":0.167,"y":0},"t":100,"s":[{"i":[[-28.411,-2.759],[3.128,-58.493],[28.411,2.759],[-3.128,58.493]],"o":[[28.411,2.759],[-3.128,58.493],[-28.411,-2.759],[3.128,-58.493]],"v":[[5.663,-105.912],[51.442,4.996],[-5.663,105.912],[-51.442,-4.996]],"c":true}]},{"i":{"x":0.833,"y":1},"o":{"x":0.167,"y":0},"t":110,"s":[{"i":[[-28.411,-2.759],[3.128,-58.493],[28.411,2.759],[-3.128,58.493]],"o":[[28.411,2.759],[-3.128,58.493],[-28.411,-2.759],[3.128,-58.493]],"v":[[5.663,-105.912],[51.442,4.996],[-5.663,105.912],[-51.442,-4.996]],"c":true}]},{"i":{"x":0.833,"y":1},"o":{"x":0.167,"y":0},"t":254,"s":[{"i":[[-28.411,-2.759],[3.128,-58.493],[28.411,2.759],[-3.128,58.493]],"o":[[28.411,2.759],[-3.128,58.493],[-28.411,-2.759],[3.128,-58.493]],"v":[[5.663,-105.912],[51.442,4.996],[-5.663,105.912],[-51.442,-4.996]],"c":true}]},{"i":{"x":0.833,"y":1},"o":{"x":0.167,"y":0},"t":264,"s":[{"i":[[-28.411,-2.759],[3.128,-58.493],[27.336,8.216],[-3.128,58.493]],"o":[[28.411,2.759],[-3.128,58.493],[-20.497,-6.161],[3.128,-58.493]],"v":[[5.663,-105.912],[51.442,4.996],[-5.663,105.912],[-43.054,-4.996]],"c":true}]},{"i":{"x":0.833,"y":1},"o":{"x":0.167,"y":0},"t":284,"s":[{"i":[[-28.411,-2.759],[3.128,-58.493],[27.336,8.216],[-3.128,58.493]],"o":[[28.411,2.759],[-3.128,58.493],[-20.497,-6.161],[3.128,-58.493]],"v":[[5.663,-105.912],[51.442,4.996],[-5.663,105.912],[-43.054,-4.996]],"c":true}]},{"t":294,"s":[{"i":[[-16.689,-1.258],[3.128,-58.493],[28.281,3.87],[-3.128,58.493]],"o":[[28.463,2.146],[-3.128,58.493],[-18.863,-2.581],[3.128,-58.493]],"v":[[5.663,-105.912],[66.442,5.162],[0.328,107.11],[-23.752,-6.673]],"c":true}]}],"ix":2},"nm":"Path 1","mn":"ADBE Vector Shape - Group","hd":false},{"ty":"gf","o":{"a":0,"k":100,"ix":10},"r":1,"bm":0,"g":{"p":3,"k":{"a":0,"k":[0,0.502,0.227,0.024,0.5,0.424,0.176,0.014,1,0.345,0.125,0.004],"ix":9}},"s":{"a":0,"k":[-273.867,-213.529],"ix":5},"e":{"a":0,"k":[-252.469,-424.531],"ix":6},"t":1,"nm":"Gradient Fill 1","mn":"ADBE Vector Graphic - G-Fill","hd":false},{"ty":"tr","p":{"a":0,"k":[0,0],"ix":2},"a":{"a":0,"k":[0,0],"ix":1},"s":{"a":0,"k":[100,100],"ix":3},"r":{"a":0,"k":0,"ix":6},"o":{"a":0,"k":100,"ix":7},"sk":{"a":0,"k":0,"ix":4},"sa":{"a":0,"k":0,"ix":5},"nm":"Transform"}],"nm":"Group 1","np":2,"cix":2,"bm":0,"ix":1,"mn":"ADBE Vector Group","hd":false}],"ip":0,"op":1800,"st":0,"ct":1,"bm":0},{"ddd":0,"ind":3,"ty":4,"nm":"Layer 29","sr":1,"ks":{"o":{"a":0,"k":100,"ix":11},"r":{"a":0,"k":0,"ix":10},"p":{"a":0,"k":[178.269,268.4,0],"ix":2,"l":2},"a":{"a":0,"k":[2174.269,521.9,0],"ix":1,"l":2},"s":{"a":0,"k":[100,100,100],"ix":6,"l":2}},"ao":0,"shapes":[{"ty":"gr","it":[{"ind":0,"ty":"sh","ix":1,"ks":{"a":1,"k":[{"i":{"x":0.833,"y":1},"o":{"x":0.167,"y":0.167},"t":89,"s":[{"i":[[-26.656,0.357],[1.01,-97.199],[57.547,0.788],[-1.01,97.199]],"o":[[67.848,-0.909],[-1.01,97.199],[-28.994,-0.397],[1.01,-97.199]],"v":[[1.829,-175.994],[124.205,1.695],[-1.829,175.994],[-57.837,0.059]],"c":true}]},{"i":{"x":0.24,"y":1},"o":{"x":0.167,"y":0},"t":110,"s":[{"i":[[-57.551,-0.33],[1.01,-97.199],[57.551,0.33],[-1.01,97.199]],"o":[[57.551,0.33],[-1.01,97.199],[-57.551,-0.33],[1.01,-97.199]],"v":[[1.829,-175.994],[104.205,0.598],[-1.829,175.994],[-104.205,-0.598]],"c":true}]},{"i":{"x":0.667,"y":1},"o":{"x":0.76,"y":0},"t":284,"s":[{"i":[[-57.551,-0.33],[1.01,-97.199],[57.551,0.33],[-1.01,97.199]],"o":[[57.551,0.33],[-1.01,97.199],[-57.551,-0.33],[1.01,-97.199]],"v":[[1.829,-175.994],[104.205,0.598],[-1.829,175.994],[-104.205,-0.598]],"c":true}]},{"t":294,"s":[{"i":[[-26.656,0.357],[1.01,-97.199],[57.547,0.788],[-1.01,97.199]],"o":[[67.848,-0.909],[-1.01,97.199],[-28.994,-0.397],[1.01,-97.199]],"v":[[1.829,-175.994],[124.206,1.695],[-1.829,175.994],[-57.837,0.059]],"c":true}]}],"ix":2},"nm":"Path 1","mn":"ADBE Vector Shape - Group","hd":false},{"ty":"gs","o":{"a":0,"k":100,"ix":9},"w":{"a":0,"k":18.002,"ix":10},"g":{"p":3,"k":{"a":0,"k":[0,0.624,0.298,0,0.5,0.633,0.324,0,1,0.643,0.349,0],"ix":8}},"s":{"a":0,"k":[-256.513,-263.433],"ix":4},"e":{"a":0,"k":[-254.523,-615.435],"ix":5},"t":1,"lc":2,"lj":2,"bm":0,"nm":"Gradient Stroke 1","mn":"ADBE Vector Graphic - G-Stroke","hd":false},{"ty":"tr","p":{"a":0,"k":[2175.823,522.403],"ix":2},"a":{"a":0,"k":[0,0],"ix":1},"s":{"a":0,"k":[100,100],"ix":3},"r":{"a":0,"k":0,"ix":6},"o":{"a":0,"k":100,"ix":7},"sk":{"a":0,"k":0,"ix":4},"sa":{"a":0,"k":0,"ix":5},"nm":"Transform"}],"nm":"Group 1","np":2,"cix":2,"bm":0,"ix":1,"mn":"ADBE Vector Group","hd":false},{"ty":"gr","it":[{"ind":0,"ty":"sh","ix":1,"ks":{"a":1,"k":[{"i":{"x":0.833,"y":1},"o":{"x":0.167,"y":0.167},"t":89,"s":[{"i":[[-26.652,0.591],[1.01,-97.199],[57.547,0.788],[-1.01,97.199]],"o":[[57.538,-1.276],[-1.01,97.199],[-28.994,-0.397],[1.01,-97.199]],"v":[[1.829,-175.994],[124.205,1.695],[-1.829,175.994],[-57.837,0.059]],"c":true}]},{"i":{"x":0.24,"y":1},"o":{"x":0.167,"y":0},"t":110,"s":[{"i":[[-57.551,-0.33],[1.01,-97.199],[57.551,0.33],[-1.01,97.199]],"o":[[57.551,0.33],[-1.01,97.199],[-57.551,-0.33],[1.01,-97.199]],"v":[[1.829,-175.994],[104.205,0.598],[-1.829,175.994],[-104.205,-0.598]],"c":true}]},{"i":{"x":0.667,"y":1},"o":{"x":0.76,"y":0},"t":284,"s":[{"i":[[-57.551,-0.33],[1.01,-97.199],[57.551,0.33],[-1.01,97.199]],"o":[[57.551,0.33],[-1.01,97.199],[-57.551,-0.33],[1.01,-97.199]],"v":[[1.829,-175.994],[104.205,0.598],[-1.829,175.994],[-104.205,-0.598]],"c":true}]},{"t":294,"s":[{"i":[[-26.652,0.591],[1.01,-97.199],[57.547,0.788],[-1.01,97.199]],"o":[[57.538,-1.276],[-1.01,97.199],[-28.994,-0.397],[1.01,-97.199]],"v":[[1.829,-175.994],[124.206,1.695],[-1.829,175.994],[-57.837,0.059]],"c":true}]}],"ix":2},"nm":"Path 1","mn":"ADBE Vector Shape - Group","hd":false},{"ty":"fl","c":{"a":0,"k":[1,1,1,1],"ix":4},"o":{"a":0,"k":100,"ix":5},"r":1,"bm":0,"nm":"Fill 1","mn":"ADBE Vector Graphic - Fill","hd":false},{"ty":"tr","p":{"a":0,"k":[2172.714,521.398],"ix":2},"a":{"a":0,"k":[0,0],"ix":1},"s":{"a":0,"k":[100,100],"ix":3},"r":{"a":0,"k":0,"ix":6},"o":{"a":0,"k":100,"ix":7},"sk":{"a":0,"k":0,"ix":4},"sa":{"a":0,"k":0,"ix":5},"nm":"Transform"}],"nm":"Group 2","np":2,"cix":2,"bm":0,"ix":2,"mn":"ADBE Vector Group","hd":false}],"ip":0,"op":1800,"st":0,"ct":1,"bm":0},{"ddd":0,"ind":4,"ty":4,"nm":"Layer 32","sr":1,"ks":{"o":{"a":0,"k":35,"ix":11},"r":{"a":0,"k":0,"ix":10},"p":{"a":0,"k":[179.256,283.759,0],"ix":2,"l":2},"a":{"a":0,"k":[0,0,0],"ix":1,"l":2},"s":{"a":0,"k":[100,100,100],"ix":6,"l":2}},"ao":0,"shapes":[{"ty":"gr","it":[{"ind":0,"ty":"sh","ix":1,"ks":{"a":1,"k":[{"i":{"x":0.833,"y":1},"o":{"x":0.167,"y":0},"t":89,"s":[{"i":[[-42.789,0.493],[1.123,-102.312],[63.624,0],[-1.556,130.234]],"o":[[63.62,-0.734],[-1.123,102.312],[-26.722,0],[1.222,-102.311]],"v":[[2.033,-185.252],[128.2,0.51],[0.467,185.263],[-67.2,-0.992]],"c":true}]},{"i":{"x":0.24,"y":1},"o":{"x":0.167,"y":0},"t":110,"s":[{"i":[[-63.623,-0.345],[1.123,-102.312],[63.623,0.345],[-1.123,102.312]],"o":[[63.623,0.345],[-1.123,102.312],[-63.623,-0.345],[1.123,-102.312]],"v":[[2.033,-185.252],[115.2,0.626],[-2.033,185.252],[-115.2,-0.626]],"c":true}]},{"i":{"x":0.667,"y":1},"o":{"x":0.76,"y":0},"t":284,"s":[{"i":[[-63.623,-0.345],[1.123,-102.312],[63.623,0.345],[-1.123,102.312]],"o":[[63.623,0.345],[-1.123,102.312],[-63.623,-0.345],[1.123,-102.312]],"v":[[2.033,-185.252],[115.2,0.626],[-2.033,185.252],[-115.2,-0.626]],"c":true}]},{"t":294,"s":[{"i":[[-42.789,0.493],[1.123,-102.312],[63.624,0],[-1.556,130.234]],"o":[[63.62,-0.734],[-1.123,102.312],[-26.722,0],[1.222,-102.311]],"v":[[2.033,-185.252],[128.2,0.51],[0.467,185.263],[-67.2,-0.992]],"c":true}]}],"ix":2},"nm":"Path 1","mn":"ADBE Vector Shape - Group","hd":false},{"ty":"fl","c":{"a":0,"k":[1,1,1,1],"ix":4},"o":{"a":0,"k":100,"ix":5},"r":1,"bm":0,"nm":"Fill 1","mn":"ADBE Vector Graphic - Fill","hd":false},{"ty":"tr","p":{"a":0,"k":[0,0],"ix":2},"a":{"a":0,"k":[0,0],"ix":1},"s":{"a":0,"k":[100,100],"ix":3},"r":{"a":0,"k":0,"ix":6},"o":{"a":0,"k":100,"ix":7},"sk":{"a":0,"k":0,"ix":4},"sa":{"a":0,"k":0,"ix":5},"nm":"Transform"}],"nm":"Group 1","np":2,"cix":2,"bm":0,"ix":1,"mn":"ADBE Vector Group","hd":false}],"ip":0,"op":1800,"st":0,"ct":1,"bm":0},{"ddd":0,"ind":5,"ty":4,"nm":"Layer 34","sr":1,"ks":{"o":{"a":0,"k":20,"ix":11},"r":{"a":0,"k":0,"ix":10},"p":{"a":0,"k":[179.867,254.088,0],"ix":2,"l":2},"a":{"a":0,"k":[0,0,0],"ix":1,"l":2},"s":{"a":0,"k":[100,100,100],"ix":6,"l":2}},"ao":0,"shapes":[{"ty":"gr","it":[{"ind":0,"ty":"sh","ix":1,"ks":{"a":1,"k":[{"i":{"x":0.833,"y":1},"o":{"x":0.167,"y":0},"t":89,"s":[{"i":[[-31.312,-0.421],[1.074,-105.578],[60.855,0.36],[-1.074,105.578]],"o":[[60.85,0.819],[-1.074,105.578],[-42.922,-0.254],[1.074,-105.578]],"v":[[1.945,-191.166],[110.187,0.645],[-1.945,191.166],[-71.687,-0.703]],"c":true}]},{"i":{"x":0.24,"y":1},"o":{"x":0.167,"y":0},"t":110,"s":[{"i":[[-60.855,-0.357],[1.074,-105.578],[60.855,0.356],[-1.074,105.578]],"o":[[60.855,0.356],[-1.074,105.578],[-60.855,-0.357],[1.074,-105.578]],"v":[[1.945,-191.166],[110.187,0.645],[-1.945,191.166],[-110.187,-0.645]],"c":true}]},{"i":{"x":0.667,"y":1},"o":{"x":0.76,"y":0},"t":284,"s":[{"i":[[-60.855,-0.357],[1.074,-105.578],[60.855,0.356],[-1.074,105.578]],"o":[[60.855,0.356],[-1.074,105.578],[-60.855,-0.357],[1.074,-105.578]],"v":[[1.945,-191.166],[110.187,0.645],[-1.945,191.166],[-110.187,-0.645]],"c":true}]},{"t":294,"s":[{"i":[[-31.312,-0.421],[1.074,-105.578],[60.855,0.36],[-1.074,105.578]],"o":[[60.85,0.819],[-1.074,105.578],[-42.922,-0.254],[1.074,-105.578]],"v":[[1.945,-191.166],[110.187,0.645],[-1.945,191.166],[-71.687,-0.703]],"c":true}]}],"ix":2},"nm":"Path 1","mn":"ADBE Vector Shape - Group","hd":false},{"ty":"fl","c":{"a":0,"k":[0.392156869173,0.156862750649,0.007843137719,1],"ix":4},"o":{"a":0,"k":100,"ix":5},"r":1,"bm":0,"nm":"Fill 1","mn":"ADBE Vector Graphic - Fill","hd":false},{"ty":"tr","p":{"a":0,"k":[0,0],"ix":2},"a":{"a":0,"k":[0,0],"ix":1},"s":{"a":0,"k":[100,100],"ix":3},"r":{"a":0,"k":0,"ix":6},"o":{"a":0,"k":100,"ix":7},"sk":{"a":0,"k":0,"ix":4},"sa":{"a":0,"k":0,"ix":5},"nm":"Transform"}],"nm":"Group 1","np":2,"cix":2,"bm":0,"ix":1,"mn":"ADBE Vector Group","hd":false}],"ip":0,"op":1800,"st":0,"ct":1,"bm":0},{"ddd":0,"ind":6,"ty":4,"nm":"Layer 36","sr":1,"ks":{"o":{"a":0,"k":100,"ix":11},"r":{"a":0,"k":0,"ix":10},"p":{"a":0,"k":[442.617,271.192,0],"ix":2,"l":2},"a":{"a":0,"k":[2438.617,524.692,0],"ix":1,"l":2},"s":{"a":0,"k":[100,100,100],"ix":6,"l":2}},"ao":0,"shapes":[{"ty":"gr","it":[{"ind":0,"ty":"sh","ix":1,"ks":{"a":0,"k":{"i":[[-54.03,-0.31],[1.049,-100.91],[54.03,0.31],[-1.049,100.91]],"o":[[54.03,0.31],[-1.049,100.91],[-54.03,-0.31],[1.049,-100.91]],"v":[[1.899,-182.715],[97.83,0.561],[-1.899,182.715],[-97.83,-0.561]],"c":true},"ix":2},"nm":"Path 1","mn":"ADBE Vector Shape - Group","hd":false},{"ty":"gs","o":{"a":0,"k":100,"ix":9},"w":{"a":0,"k":18.002,"ix":10},"g":{"p":3,"k":{"a":0,"k":[0,0.624,0.298,0,0.5,0.633,0.324,0,1,0.643,0.349,0],"ix":8}},"s":{"a":0,"k":[-399.308,-262.66],"ix":4},"e":{"a":0,"k":[-397.243,-628.103],"ix":5},"t":1,"lc":1,"lj":1,"ml":4,"ml2":{"a":0,"k":4,"ix":13},"bm":0,"nm":"Gradient Stroke 1","mn":"ADBE Vector Graphic - G-Stroke","hd":false},{"ty":"tr","p":{"a":0,"k":[2438.617,524.692],"ix":2},"a":{"a":0,"k":[0,0],"ix":1},"s":{"a":0,"k":[100,100],"ix":3},"r":{"a":0,"k":0,"ix":6},"o":{"a":0,"k":100,"ix":7},"sk":{"a":0,"k":0,"ix":4},"sa":{"a":0,"k":0,"ix":5},"nm":"Transform"}],"nm":"Group 1","np":2,"cix":2,"bm":0,"ix":1,"mn":"ADBE Vector Group","hd":false}],"ip":0,"op":1800,"st":0,"ct":1,"bm":0},{"ddd":0,"ind":7,"ty":4,"nm":"puppil","sr":1,"ks":{"o":{"a":0,"k":100,"ix":11},"r":{"a":0,"k":0,"ix":10},"p":{"a":1,"k":[{"i":{"x":0.11,"y":1},"o":{"x":0.333,"y":0},"t":90,"s":[502.533,291.09,0],"to":[0,0,0],"ti":[0,0,0]},{"i":{"x":0.667,"y":0.667},"o":{"x":0.333,"y":0.333},"t":135,"s":[403.533,291.09,0],"to":[0,0,0],"ti":[0,0,0]},{"i":{"x":0.667,"y":1},"o":{"x":0.333,"y":0},"t":152,"s":[403.533,291.09,0],"to":[0,0,0],"ti":[0,0,0]},{"i":{"x":0.667,"y":0.667},"o":{"x":0.333,"y":0.333},"t":195,"s":[505.533,291.09,0],"to":[0,0,0],"ti":[0,0,0]},{"i":{"x":0.667,"y":1},"o":{"x":0.333,"y":0},"t":225,"s":[505.533,291.09,0],"to":[0,0,0],"ti":[0,0,0]},{"i":{"x":0.17,"y":0.17},"o":{"x":0.333,"y":0.333},"t":264,"s":[388.533,291.09,0],"to":[0,0,0],"ti":[0,0,0]},{"i":{"x":0.667,"y":1},"o":{"x":0.83,"y":0},"t":284,"s":[388.533,291.09,0],"to":[0,0,0],"ti":[0,0,0]},{"t":294,"s":[414.533,291.09,0]}],"ix":2,"l":2},"a":{"a":0,"k":[0,0,0],"ix":1,"l":2},"s":{"a":0,"k":[100,100,100],"ix":6,"l":2}},"ao":0,"shapes":[{"ty":"gr","it":[{"ind":0,"ty":"sh","ix":1,"ks":{"a":1,"k":[{"i":{"x":0.667,"y":1},"o":{"x":0.333,"y":0},"t":90,"s":[{"i":[[-29.856,-3.189],[2.997,-60.728],[29.856,3.189],[-2.997,60.728]],"o":[[29.856,3.189],[-2.997,60.729],[-29.856,-3.189],[2.997,-60.728]],"v":[[5.426,-109.959],[38.059,4.774],[-5.426,109.959],[-54.059,-5.774]],"c":true}]},{"i":{"x":0.667,"y":1},"o":{"x":0.333,"y":0},"t":102,"s":[{"i":[[-29.856,-3.189],[2.997,-60.728],[29.856,3.189],[-2.997,60.728]],"o":[[29.856,3.189],[-2.997,60.728],[-29.856,-3.189],[2.997,-60.728]],"v":[[5.426,-109.959],[54.059,5.774],[-5.426,109.959],[-54.059,-5.774]],"c":true}]},{"i":{"x":0.667,"y":1},"o":{"x":0.333,"y":0},"t":135,"s":[{"i":[[-29.856,-3.189],[2.997,-60.728],[29.856,3.189],[-2.997,60.728]],"o":[[29.856,3.189],[-2.997,60.728],[-29.856,-3.189],[2.997,-60.728]],"v":[[5.426,-109.959],[54.059,5.774],[-5.426,109.959],[-54.059,-5.774]],"c":true}]},{"i":{"x":0.667,"y":1},"o":{"x":0.333,"y":0},"t":185,"s":[{"i":[[-29.856,-3.189],[2.997,-60.728],[29.856,3.189],[-2.997,60.728]],"o":[[29.856,3.189],[-2.997,60.728],[-29.856,-3.189],[2.997,-60.728]],"v":[[5.426,-109.959],[54.059,5.774],[-5.426,109.959],[-54.059,-5.774]],"c":true}]},{"i":{"x":0.667,"y":1},"o":{"x":0.333,"y":0},"t":195,"s":[{"i":[[-29.856,-3.189],[2.997,-60.728],[29.856,3.189],[-2.997,60.728]],"o":[[29.856,3.189],[-2.997,60.729],[-29.856,-3.189],[2.997,-60.728]],"v":[[5.426,-109.959],[38.059,4.774],[-5.426,109.959],[-54.059,-5.774]],"c":true}]},{"i":{"x":0.667,"y":1},"o":{"x":0.333,"y":0},"t":225,"s":[{"i":[[-29.856,-3.189],[2.997,-60.728],[29.856,3.189],[-2.997,60.728]],"o":[[29.856,3.189],[-2.997,60.729],[-29.856,-3.189],[2.997,-60.728]],"v":[[5.426,-109.959],[38.059,4.774],[-5.426,109.959],[-54.059,-5.774]],"c":true}]},{"t":240,"s":[{"i":[[-29.856,-3.189],[2.997,-60.728],[29.856,3.189],[-2.997,60.728]],"o":[[29.856,3.189],[-2.997,60.728],[-29.856,-3.189],[2.997,-60.728]],"v":[[5.426,-109.959],[54.059,5.774],[-5.426,109.959],[-54.059,-5.774]],"c":true}]}],"ix":2},"nm":"Path 1","mn":"ADBE Vector Shape - Group","hd":false},{"ty":"gf","o":{"a":0,"k":100,"ix":10},"r":1,"bm":0,"g":{"p":3,"k":{"a":0,"k":[0,0.502,0.227,0.024,0.5,0.424,0.176,0.014,1,0.345,0.125,0.004],"ix":9}},"s":{"a":0,"k":[-419.064,-223.152],"ix":5},"e":{"a":0,"k":[-394.749,-441.951],"ix":6},"t":1,"nm":"Gradient Fill 1","mn":"ADBE Vector Graphic - G-Fill","hd":false},{"ty":"tr","p":{"a":0,"k":[0,0],"ix":2},"a":{"a":0,"k":[0,0],"ix":1},"s":{"a":0,"k":[100,100],"ix":3},"r":{"a":0,"k":0,"ix":6},"o":{"a":0,"k":100,"ix":7},"sk":{"a":0,"k":0,"ix":4},"sa":{"a":0,"k":0,"ix":5},"nm":"Transform"}],"nm":"Group 1","np":2,"cix":2,"bm":0,"ix":1,"mn":"ADBE Vector Group","hd":false}],"ip":0,"op":1800,"st":0,"ct":1,"bm":0},{"ddd":0,"ind":8,"ty":4,"nm":"Layer 27","sr":1,"ks":{"o":{"a":0,"k":100,"ix":11},"r":{"a":0,"k":0,"ix":10},"p":{"a":0,"k":[442.617,271.192,0],"ix":2,"l":2},"a":{"a":0,"k":[2438.617,524.692,0],"ix":1,"l":2},"s":{"a":0,"k":[100,100,100],"ix":6,"l":2}},"ao":0,"shapes":[{"ty":"gr","it":[{"ind":0,"ty":"sh","ix":1,"ks":{"a":0,"k":{"i":[[-54.03,-0.31],[1.049,-100.91],[54.03,0.31],[-1.049,100.91]],"o":[[54.03,0.31],[-1.049,100.91],[-54.03,-0.31],[1.049,-100.91]],"v":[[1.899,-182.715],[97.83,0.561],[-1.899,182.715],[-97.83,-0.561]],"c":true},"ix":2},"nm":"Path 1","mn":"ADBE Vector Shape - Group","hd":false},{"ty":"gs","o":{"a":0,"k":100,"ix":9},"w":{"a":0,"k":18.002,"ix":10},"g":{"p":3,"k":{"a":0,"k":[0,0.624,0.298,0,0.5,0.633,0.324,0,1,0.643,0.349,0],"ix":8}},"s":{"a":0,"k":[-399.308,-262.66],"ix":4},"e":{"a":0,"k":[-397.243,-628.103],"ix":5},"t":1,"lc":2,"lj":2,"bm":0,"nm":"Gradient Stroke 1","mn":"ADBE Vector Graphic - G-Stroke","hd":false},{"ty":"tr","p":{"a":0,"k":[2438.617,524.692],"ix":2},"a":{"a":0,"k":[0,0],"ix":1},"s":{"a":0,"k":[100,100],"ix":3},"r":{"a":0,"k":0,"ix":6},"o":{"a":0,"k":100,"ix":7},"sk":{"a":0,"k":0,"ix":4},"sa":{"a":0,"k":0,"ix":5},"nm":"Transform"}],"nm":"Group 1","np":2,"cix":2,"bm":0,"ix":1,"mn":"ADBE Vector Group","hd":false},{"ty":"gr","it":[{"ind":0,"ty":"sh","ix":1,"ks":{"a":0,"k":{"i":[[-54.03,-0.31],[1.049,-100.91],[54.03,0.31],[-1.049,100.91]],"o":[[54.03,0.31],[-1.049,100.91],[-54.03,-0.31],[1.049,-100.91]],"v":[[1.899,-182.715],[97.83,0.561],[-1.899,182.715],[-97.83,-0.561]],"c":true},"ix":2},"nm":"Path 1","mn":"ADBE Vector Shape - Group","hd":false},{"ty":"fl","c":{"a":0,"k":[1,1,1,1],"ix":4},"o":{"a":0,"k":100,"ix":5},"r":1,"bm":0,"nm":"Fill 1","mn":"ADBE Vector Graphic - Fill","hd":false},{"ty":"tr","p":{"a":0,"k":[2438.617,524.692],"ix":2},"a":{"a":0,"k":[0,0],"ix":1},"s":{"a":0,"k":[100,100],"ix":3},"r":{"a":0,"k":0,"ix":6},"o":{"a":0,"k":100,"ix":7},"sk":{"a":0,"k":0,"ix":4},"sa":{"a":0,"k":0,"ix":5},"nm":"Transform"}],"nm":"Group 2","np":2,"cix":2,"bm":0,"ix":2,"mn":"ADBE Vector Group","hd":false}],"ip":0,"op":1800,"st":0,"ct":1,"bm":0},{"ddd":0,"ind":9,"ty":4,"nm":"Layer 31","sr":1,"ks":{"o":{"a":0,"k":35,"ix":11},"r":{"a":0,"k":0,"ix":10},"p":{"a":0,"k":[442.216,279.08,0],"ix":2,"l":2},"a":{"a":0,"k":[0,0,0],"ix":1,"l":2},"s":{"a":0,"k":[100,100,100],"ix":6,"l":2}},"ao":0,"shapes":[{"ty":"gr","it":[{"ind":0,"ty":"sh","ix":1,"ks":{"a":0,"k":{"i":[[-57.305,-0.364],[1.012,-107.77],[57.305,0.364],[-1.012,107.77]],"o":[[57.305,0.364],[-1.012,107.77],[-57.305,-0.364],[1.012,-107.77]],"v":[[1.832,-195.135],[103.76,0.659],[-1.832,195.135],[-103.76,-0.659]],"c":true},"ix":2},"nm":"Path 1","mn":"ADBE Vector Shape - Group","hd":false},{"ty":"fl","c":{"a":0,"k":[1,1,1,1],"ix":4},"o":{"a":0,"k":100,"ix":5},"r":1,"bm":0,"nm":"Fill 1","mn":"ADBE Vector Graphic - Fill","hd":false},{"ty":"tr","p":{"a":0,"k":[0,0],"ix":2},"a":{"a":0,"k":[0,0],"ix":1},"s":{"a":0,"k":[100,100],"ix":3},"r":{"a":0,"k":0,"ix":6},"o":{"a":0,"k":100,"ix":7},"sk":{"a":0,"k":0,"ix":4},"sa":{"a":0,"k":0,"ix":5},"nm":"Transform"}],"nm":"Group 1","np":2,"cix":2,"bm":0,"ix":1,"mn":"ADBE Vector Group","hd":false}],"ip":0,"op":1800,"st":0,"ct":1,"bm":0},{"ddd":0,"ind":10,"ty":4,"nm":"Layer 33","sr":1,"ks":{"o":{"a":0,"k":20,"ix":11},"r":{"a":0,"k":0,"ix":10},"p":{"a":0,"k":[442.572,246.514,0],"ix":2,"l":2},"a":{"a":0,"k":[0,0,0],"ix":1,"l":2},"s":{"a":0,"k":[100,100,100],"ix":6,"l":2}},"ao":0,"shapes":[{"ty":"gr","it":[{"ind":0,"ty":"sh","ix":1,"ks":{"a":0,"k":{"i":[[-56.486,-0.345],[0.997,-102.293],[56.486,0.345],[-0.997,102.293]],"o":[[56.486,0.345],[-0.997,102.293],[-56.486,-0.345],[0.997,-102.293]],"v":[[1.805,-185.218],[102.278,0.625],[-1.805,185.218],[-102.278,-0.625]],"c":true},"ix":2},"nm":"Path 1","mn":"ADBE Vector Shape - Group","hd":false},{"ty":"fl","c":{"a":0,"k":[0.392156869173,0.156862750649,0.007843137719,1],"ix":4},"o":{"a":0,"k":100,"ix":5},"r":1,"bm":0,"nm":"Fill 1","mn":"ADBE Vector Graphic - Fill","hd":false},{"ty":"tr","p":{"a":0,"k":[0,0],"ix":2},"a":{"a":0,"k":[0,0],"ix":1},"s":{"a":0,"k":[100,100],"ix":3},"r":{"a":0,"k":0,"ix":6},"o":{"a":0,"k":100,"ix":7},"sk":{"a":0,"k":0,"ix":4},"sa":{"a":0,"k":0,"ix":5},"nm":"Transform"}],"nm":"Group 1","np":2,"cix":2,"bm":0,"ix":1,"mn":"ADBE Vector Group","hd":false}],"ip":0,"op":1800,"st":0,"ct":1,"bm":0}]}],"layers":[{"ddd":0,"ind":1,"ty":0,"nm":"Char 2 Comp 1","refId":"comp_0","sr":1,"ks":{"o":{"a":0,"k":100,"ix":11},"r":{"a":0,"k":0,"ix":10},"p":{"a":0,"k":[256,256,0],"ix":2,"l":2},"a":{"a":0,"k":[256,256,0],"ix":1,"l":2},"s":{"a":0,"k":[100,100,100],"ix":6,"l":2}},"ao":0,"w":512,"h":512,"ip":184,"op":455,"st":124,"bm":0},{"ddd":0,"ind":2,"ty":0,"nm":"Char 2 Comp 1","refId":"comp_0","sr":1,"ks":{"o":{"a":0,"k":100,"ix":11},"r":{"a":0,"k":0,"ix":10},"p":{"a":0,"k":[256,256,0],"ix":2,"l":2},"a":{"a":0,"k":[256,256,0],"ix":1,"l":2},"s":{"a":0,"k":[100,100,100],"ix":6,"l":2}},"ao":0,"w":512,"h":512,"ip":-87,"op":184,"st":-147,"bm":0}],"markers":[{"tm":60,"cm":"1","dr":0},{"tm":331,"cm":"2","dr":0}],"props":{}}